LLVM: wasm[0]::function[45]::__wasm_call_ctors: 46 bytes
LLVM: wasm[0]::function[46]::undefined_weak:__wasilibc_find_relpath_alloc: 38 bytes
LLVM: wasm[0]::function[47]::_start: 113 bytes
LLVM: wasm[0]::function[48]::__component_type_object_force_link_wasip2: 38 bytes
LLVM: wasm[0]::function[49]::__multi3: 143 bytes
LLVM: wasm[0]::function[50]::speedtest1_numbername: 1225 bytes
LLVM: wasm[0]::function[51]::sqlite3_snprintf: 18796 bytes
LLVM: wasm[0]::function[52]::strlen: 160 bytes
LLVM: wasm[0]::function[53]::speedtest1_begin_test: 1136 bytes
LLVM: wasm[0]::function[54]::sqlite3_initialize: 619 bytes
LLVM: wasm[0]::function[55]::sqlite3_str_vappendf: 17932 bytes
LLVM: wasm[0]::function[56]::strAccumFinishRealloc: 1123 bytes
LLVM: wasm[0]::function[57]::fprintf: 90 bytes
LLVM: wasm[0]::function[58]::printf: 100 bytes
LLVM: wasm[0]::function[59]::fflush: 637 bytes
LLVM: wasm[0]::function[60]::speedtest1_end_test: 720 bytes
LLVM: wasm[0]::function[61]::speedtest1_exec: 791 bytes
LLVM: wasm[0]::function[62]::sqlite3_finalize: 338 bytes
LLVM: wasm[0]::function[63]::__assert_fail: 98 bytes
LLVM: wasm[0]::function[64]::printSql: 405 bytes
LLVM: wasm[0]::function[65]::sqlite3_exec: 5114 bytes
LLVM: wasm[0]::function[66]::sqlite3_db_release_memory: 354 bytes
LLVM: wasm[0]::function[67]::fatal_error: 101 bytes
LLVM: wasm[0]::function[68]::sqlite3_errmsg: 283 bytes
LLVM: wasm[0]::function[69]::patternCompare: 1522 bytes
LLVM: wasm[0]::function[70]::vfprintf: 702 bytes
LLVM: wasm[0]::function[71]::exit: 67 bytes
LLVM: wasm[0]::function[72]::speedtest1_final: 1250 bytes
LLVM: wasm[0]::function[73]::HashUpdate: 152 bytes
LLVM: wasm[0]::function[74]::HashFinal: 165 bytes
LLVM: wasm[0]::function[75]::fclose: 332 bytes
LLVM: wasm[0]::function[76]::putchar: 425 bytes
LLVM: wasm[0]::function[77]::fputc: 393 bytes
LLVM: wasm[0]::function[78]::speedtest1_once: 1235 bytes
LLVM: wasm[0]::function[79]::sqlite3LockAndPrepare: 722 bytes
LLVM: wasm[0]::function[80]::sqlite3VdbeExpandSql: 1640 bytes
LLVM: wasm[0]::function[81]::sqlite3_free: 315 bytes
LLVM: wasm[0]::function[82]::sqlite3_step: 2056 bytes
LLVM: wasm[0]::function[83]::sqlite3ErrorFinish: 252 bytes
LLVM: wasm[0]::function[84]::valueToText: 1204 bytes
LLVM: wasm[0]::function[85]::apiHandleError: 176 bytes
LLVM: wasm[0]::function[86]::sqlite3_mprintf: 298 bytes
LLVM: wasm[0]::function[87]::sqlite3_reset: 1054 bytes
LLVM: wasm[0]::function[88]::speedtest1_prepare: 695 bytes
LLVM: wasm[0]::function[89]::speedtest1_run: 2585 bytes
LLVM: wasm[0]::function[90]::sqlite3_column_type: 213 bytes
LLVM: wasm[0]::function[91]::fwrite: 703 bytes
LLVM: wasm[0]::function[92]::sqlite3_column_bytes: 98 bytes
LLVM: wasm[0]::function[93]::sqlite3_column_blob: 98 bytes
LLVM: wasm[0]::function[94]::testset_main: 9186 bytes
LLVM: wasm[0]::function[95]::sqlite3_bind_int64: 702 bytes
LLVM: wasm[0]::function[96]::sqlite3_bind_int: 705 bytes
LLVM: wasm[0]::function[97]::sqlite3_bind_text: 1699 bytes
LLVM: wasm[0]::function[98]::testset_cte: 624 bytes
LLVM: wasm[0]::function[99]::sqlite3_bind_double: 763 bytes
LLVM: wasm[0]::function[100]::speedtest1_random_ascii_fp: 291 bytes
LLVM: wasm[0]::function[101]::testset_fp: 1714 bytes
LLVM: wasm[0]::function[102]::testset_star: 1716 bytes
LLVM: wasm[0]::function[103]::testset_rtree: 4261 bytes
LLVM: wasm[0]::function[104]::sqlite3_malloc: 1095 bytes
LLVM: wasm[0]::function[105]::atoi: 181 bytes
LLVM: wasm[0]::function[106]::sqlite3_rtree_geometry_callback: 139 bytes
LLVM: wasm[0]::function[107]::xsliceGeometryCallback: 101 bytes
LLVM: wasm[0]::function[108]::testset_orm: 3300 bytes
LLVM: wasm[0]::function[109]::sqlite3_log: 104 bytes
LLVM: wasm[0]::function[110]::vdbeMemClear: 530 bytes
LLVM: wasm[0]::function[111]::vdbeReleaseAndSetInt64: 94 bytes
LLVM: wasm[0]::function[112]::vdbeMemClearExternAndSetNull: 214 bytes
LLVM: wasm[0]::function[113]::sqlite3VdbeMemTranslate: 1948 bytes
LLVM: wasm[0]::function[114]::sqlite3Error: 87 bytes
LLVM: wasm[0]::function[115]::testset_trigger: 4262 bytes
LLVM: wasm[0]::function[116]::testset_debug1: 323 bytes
LLVM: wasm[0]::function[117]::testset_json: 610 bytes
LLVM: wasm[0]::function[118]::sqlite3_test_control: 173 bytes
LLVM: wasm[0]::function[119]::testset_parsenumber: 665 bytes
LLVM: wasm[0]::function[120]::main: 10367 bytes
LLVM: wasm[0]::function[121]::strcmp: 122 bytes
LLVM: wasm[0]::function[122]::integerValue: 1011 bytes
LLVM: wasm[0]::function[123]::sqlite3_config: 736 bytes
LLVM: wasm[0]::function[124]::fopen: 773 bytes
LLVM: wasm[0]::function[125]::strstr: 1553 bytes
LLVM: wasm[0]::function[126]::malloc: 46 bytes
LLVM: wasm[0]::function[127]::sqlite3_vfs_find: 154 bytes
LLVM: wasm[0]::function[128]::unlink: 147 bytes
LLVM: wasm[0]::function[129]::openDatabase: 1780 bytes
LLVM: wasm[0]::function[130]::sqlite3_db_config: 464 bytes
LLVM: wasm[0]::function[131]::sqlite3BtreeSetPageSize: 287 bytes
LLVM: wasm[0]::function[132]::randomFunc: 137 bytes
LLVM: wasm[0]::function[133]::sqlite3CreateFunc: 1395 bytes
LLVM: wasm[0]::function[134]::traceCallback: 213 bytes
LLVM: wasm[0]::function[135]::puts: 712 bytes
LLVM: wasm[0]::function[136]::strchr: 74 bytes
LLVM: wasm[0]::function[137]::testset_app: 545 bytes
LLVM: wasm[0]::function[138]::xCompileOptions: 101 bytes
LLVM: wasm[0]::function[139]::sqlite3LookasideUsed: 237 bytes
LLVM: wasm[0]::function[140]::sqlite3_db_status64: 1948 bytes
LLVM: wasm[0]::function[141]::sqlite3Close: 864 bytes
LLVM: wasm[0]::function[142]::free: 46 bytes
LLVM: wasm[0]::function[143]::sqlite3_compileoption_used: 385 bytes
LLVM: wasm[0]::function[144]::renderLogMsg: 292 bytes
LLVM: wasm[0]::function[145]::sqlite3StrAccumFinish: 89 bytes
LLVM: wasm[0]::function[146]::enlargeAndAppend: 161 bytes
LLVM: wasm[0]::function[147]::getIntArg: 208 bytes
LLVM: wasm[0]::function[148]::sqlite3MemRealValueNoRC: 106 bytes
LLVM: wasm[0]::function[149]::getTextArg: 89 bytes
LLVM: wasm[0]::function[150]::sqlite3_str_appendchar: 138 bytes
LLVM: wasm[0]::function[151]::sqlite3_str_append: 135 bytes
LLVM: wasm[0]::function[152]::sqlite3StrAccumEnlarge: 2597 bytes
LLVM: wasm[0]::function[153]::sqlite3StrAccumSetError: 119 bytes
LLVM: wasm[0]::function[154]::sqlite3RecordErrorByteOffset: 132 bytes
LLVM: wasm[0]::function[155]::sqlite3_str_appendf: 90 bytes
LLVM: wasm[0]::function[156]::sqlite3_str_reset: 100 bytes
LLVM: wasm[0]::function[157]::memIntValue: 130 bytes
LLVM: wasm[0]::function[158]::printfTempBuf: 156 bytes
LLVM: wasm[0]::function[159]::measureAllocationSize: 245 bytes
LLVM: wasm[0]::function[160]::dbMallocRawFinish: 731 bytes
LLVM: wasm[0]::function[161]::sqlite3OomFault: 209 bytes
LLVM: wasm[0]::function[162]::sqlite3DbMallocRawNN: 245 bytes
LLVM: wasm[0]::function[163]::sqlite3DbMallocRaw: 945 bytes
LLVM: wasm[0]::function[164]::sqlite3Malloc: 663 bytes
LLVM: wasm[0]::function[165]::sqlite3DbFree: 439 bytes
LLVM: wasm[0]::function[166]::sqlite3DbFreeNN: 442 bytes
LLVM: wasm[0]::function[167]::sqlite3ErrorMsg: 801 bytes
LLVM: wasm[0]::function[168]::sqlite3VMPrintf: 251 bytes
LLVM: wasm[0]::function[169]::sqlite3Atoi64: 691 bytes
LLVM: wasm[0]::function[170]::sqlite3MemRealValueRC: 388 bytes
LLVM: wasm[0]::function[171]::sqlite3_value_double: 92 bytes
LLVM: wasm[0]::function[172]::sqlite3VdbeRealValue: 92 bytes
LLVM: wasm[0]::function[173]::sqlite3MallocInit: 333 bytes
LLVM: wasm[0]::function[174]::sqlite3RegisterBuiltinFunctions: 150 bytes
LLVM: wasm[0]::function[175]::sqlite3PcacheInitialize: 219 bytes
LLVM: wasm[0]::function[176]::sqlite3OsInit: 350 bytes
LLVM: wasm[0]::function[177]::sqlite3MemdbInit: 128 bytes
LLVM: wasm[0]::function[178]::sqlite3PCacheBufferSetup: 224 bytes
LLVM: wasm[0]::function[179]::dbReallocFinish: 1864 bytes
LLVM: wasm[0]::function[180]::sqlite3ValueText: 103 bytes
LLVM: wasm[0]::function[181]::sqlite3_str_appendall: 224 bytes
LLVM: wasm[0]::function[182]::sqlite3_value_text: 107 bytes
LLVM: wasm[0]::function[183]::sqlite3VdbeMemExpandBlob: 201 bytes
LLVM: wasm[0]::function[184]::sqlite3VdbeMemMakeWriteable: 152 bytes
LLVM: wasm[0]::function[185]::vdbeMemAddTerminator: 146 bytes
LLVM: wasm[0]::function[186]::sqlite3VdbeMemGrow: 2076 bytes
LLVM: wasm[0]::function[187]::sqlite3DbRealloc: 327 bytes
LLVM: wasm[0]::function[188]::sqlite3Realloc: 1686 bytes
LLVM: wasm[0]::function[189]::sqlite3VdbeMemClearAndResize: 80 bytes
LLVM: wasm[0]::function[190]::sqlite3VdbeMemStringify: 1036 bytes
LLVM: wasm[0]::function[191]::sqlite3DbReallocOrFree: 93 bytes
LLVM: wasm[0]::function[192]::sqlite3VdbeMemFinalize: 781 bytes
LLVM: wasm[0]::function[193]::sqlite3InsertBuiltinFuncs: 350 bytes
LLVM: wasm[0]::function[194]::sqlite3_os_init: 243 bytes
LLVM: wasm[0]::function[195]::sqlite3_vfs_register: 140 bytes
LLVM: wasm[0]::function[196]::vfsUnlink: 110 bytes
LLVM: wasm[0]::function[197]::memdbOpen: 1014 bytes
LLVM: wasm[0]::function[198]::memdbAccess: 54 bytes
LLVM: wasm[0]::function[199]::memdbFullPathname: 107 bytes
LLVM: wasm[0]::function[200]::memdbDlOpen: 166 bytes
LLVM: wasm[0]::function[201]::memdbDlError: 171 bytes
LLVM: wasm[0]::function[202]::memdbDlSym: 171 bytes
LLVM: wasm[0]::function[203]::memdbDlClose: 166 bytes
LLVM: wasm[0]::function[204]::memdbRandomness: 171 bytes
LLVM: wasm[0]::function[205]::memdbSleep: 166 bytes
LLVM: wasm[0]::function[206]::memdbGetLastError: 171 bytes
LLVM: wasm[0]::function[207]::memdbCurrentTimeInt64: 166 bytes
LLVM: wasm[0]::function[208]::memdbClose: 781 bytes
LLVM: wasm[0]::function[209]::memdbRead: 265 bytes
LLVM: wasm[0]::function[210]::memdbWrite: 307 bytes
LLVM: wasm[0]::function[211]::memdbEnlarge: 140 bytes
LLVM: wasm[0]::function[212]::memdbTruncate: 70 bytes
LLVM: wasm[0]::function[213]::memdbSync: 40 bytes
LLVM: wasm[0]::function[214]::memdbFileSize: 62 bytes
LLVM: wasm[0]::function[215]::memdbLock: 191 bytes
LLVM: wasm[0]::function[216]::memdbUnlock: 117 bytes
LLVM: wasm[0]::function[217]::memdbFileControl: 201 bytes
LLVM: wasm[0]::function[218]::memdbDeviceCharacteristics: 43 bytes
LLVM: wasm[0]::function[219]::memdbFetch: 100 bytes
LLVM: wasm[0]::function[220]::memdbUnfetch: 62 bytes
LLVM: wasm[0]::function[221]::sqlite3_vmprintf: 270 bytes
LLVM: wasm[0]::function[222]::unixTempFileInit: 94 bytes
LLVM: wasm[0]::function[223]::getenv: 1049 bytes
LLVM: wasm[0]::function[224]::unixOpen: 1683 bytes
LLVM: wasm[0]::function[225]::findReusableFd: 401 bytes
LLVM: wasm[0]::function[226]::sqlite3_malloc64: 1261 bytes
LLVM: wasm[0]::function[227]::unixGetTempname: 444 bytes
LLVM: wasm[0]::function[228]::findCreateFileMode: 755 bytes
LLVM: wasm[0]::function[229]::robust_open: 1442 bytes
LLVM: wasm[0]::function[230]::unixLogErrorAtLine: 203 bytes
LLVM: wasm[0]::function[231]::fillInUnixFile: 832 bytes
LLVM: wasm[0]::function[232]::unixDelete: 599 bytes
LLVM: wasm[0]::function[233]::fsync: 890 bytes
LLVM: wasm[0]::function[234]::unixAccess: 369 bytes
LLVM: wasm[0]::function[235]::unixFullPathname: 546 bytes
LLVM: wasm[0]::function[236]::appendAllPathElements: 178 bytes
LLVM: wasm[0]::function[237]::unixRandomness: 523 bytes
LLVM: wasm[0]::function[238]::time: 163 bytes
LLVM: wasm[0]::function[239]::unixSleep: 145 bytes
LLVM: wasm[0]::function[240]::nanosleep: 135 bytes
LLVM: wasm[0]::function[241]::unixCurrentTime: 200 bytes
LLVM: wasm[0]::function[242]::gettimeofday: 172 bytes
LLVM: wasm[0]::function[243]::unixGetLastError: 48 bytes
LLVM: wasm[0]::function[244]::unixCurrentTimeInt64: 172 bytes
LLVM: wasm[0]::function[245]::unixSetSystemCall: 1870 bytes
LLVM: wasm[0]::function[246]::unixGetSystemCall: 1111 bytes
LLVM: wasm[0]::function[247]::unixNextSystemCall: 1170 bytes
LLVM: wasm[0]::function[248]::dotlockIoFinderImpl: 43 bytes
LLVM: wasm[0]::function[249]::dotlockClose: 229 bytes
LLVM: wasm[0]::function[250]::closeUnixFile: 263 bytes
LLVM: wasm[0]::function[251]::unixRead: 482 bytes
LLVM: wasm[0]::function[252]::__lseek: 479 bytes
LLVM: wasm[0]::function[253]::unixWrite: 250 bytes
LLVM: wasm[0]::function[254]::seekAndWriteFd: 282 bytes
LLVM: wasm[0]::function[255]::unixTruncate: 311 bytes
LLVM: wasm[0]::function[256]::unixSync: 481 bytes
LLVM: wasm[0]::function[257]::unixFileSize: 265 bytes
LLVM: wasm[0]::function[258]::dotlockLock: 282 bytes
LLVM: wasm[0]::function[259]::utimes: 246 bytes
LLVM: wasm[0]::function[260]::sqliteErrorFromPosixError: 99 bytes
LLVM: wasm[0]::function[261]::dotlockUnlock: 230 bytes
LLVM: wasm[0]::function[262]::dotlockCheckReservedLock: 189 bytes
LLVM: wasm[0]::function[263]::unixFileControl: 1380 bytes
LLVM: wasm[0]::function[264]::fileHasMoved: 260 bytes
LLVM: wasm[0]::function[265]::unixSectorSize: 94 bytes
LLVM: wasm[0]::function[266]::unixDeviceCharacteristics: 91 bytes
LLVM: wasm[0]::function[267]::unixFetch: 54 bytes
LLVM: wasm[0]::function[268]::unixUnfetch: 40 bytes
LLVM: wasm[0]::function[269]::unixTempFileDir: 1790 bytes
LLVM: wasm[0]::function[270]::sqlite3_randomness: 1724 bytes
LLVM: wasm[0]::function[271]::sqlite3MemMalloc: 157 bytes
LLVM: wasm[0]::function[272]::sqlite3MemFree: 49 bytes
LLVM: wasm[0]::function[273]::sqlite3MemRealloc: 187 bytes
LLVM: wasm[0]::function[274]::realloc: 1171 bytes
LLVM: wasm[0]::function[275]::sqlite3MemSize: 48 bytes
LLVM: wasm[0]::function[276]::sqlite3MemRoundup: 44 bytes
LLVM: wasm[0]::function[277]::sqlite3MemInit: 40 bytes
LLVM: wasm[0]::function[278]::sqlite3MemShutdown: 38 bytes
LLVM: wasm[0]::function[279]::pcache1Init: 144 bytes
LLVM: wasm[0]::function[280]::pcache1Shutdown: 75 bytes
LLVM: wasm[0]::function[281]::pcache1Create: 340 bytes
LLVM: wasm[0]::function[282]::sqlite3MallocZero: 737 bytes
LLVM: wasm[0]::function[283]::pcache1ResizeHash: 567 bytes
LLVM: wasm[0]::function[284]::pcache1Destroy: 1337 bytes
LLVM: wasm[0]::function[285]::pcache1Cachesize: 149 bytes
LLVM: wasm[0]::function[286]::pcache1EnforceMaxPage: 457 bytes
LLVM: wasm[0]::function[287]::pcache1Pagecount: 48 bytes
LLVM: wasm[0]::function[288]::pcache1Fetch: 204 bytes
LLVM: wasm[0]::function[289]::pcache1FetchStage2: 1264 bytes
LLVM: wasm[0]::function[290]::pcache1Unpin: 122 bytes
LLVM: wasm[0]::function[291]::pcache1RemoveFromHash: 129 bytes
LLVM: wasm[0]::function[292]::pcache1Rekey: 157 bytes
LLVM: wasm[0]::function[293]::pcache1Truncate: 89 bytes
LLVM: wasm[0]::function[294]::pcache1TruncateUnsafe: 1558 bytes
LLVM: wasm[0]::function[295]::pcache1Shrink: 99 bytes
LLVM: wasm[0]::function[296]::pcache1FreePage: 582 bytes
LLVM: wasm[0]::function[297]::pcache1Alloc: 1000 bytes
LLVM: wasm[0]::function[298]::posixOpen: 92 bytes
LLVM: wasm[0]::function[299]::open: 166 bytes
LLVM: wasm[0]::function[300]::openDirectory: 399 bytes
LLVM: wasm[0]::function[301]::unixGetpagesize: 43 bytes
LLVM: wasm[0]::function[302]::strerror: 88 bytes
LLVM: wasm[0]::function[303]::robust_close: 214 bytes
LLVM: wasm[0]::function[304]::nolockIoFinderImpl: 43 bytes
LLVM: wasm[0]::function[305]::nolockClose: 48 bytes
LLVM: wasm[0]::function[306]::nolockLock: 40 bytes
LLVM: wasm[0]::function[307]::nolockUnlock: 40 bytes
LLVM: wasm[0]::function[308]::nolockCheckReservedLock: 53 bytes
LLVM: wasm[0]::function[309]::appendOnePathElement: 1043 bytes
LLVM: wasm[0]::function[310]::sqlite3_uri_parameter: 123 bytes
LLVM: wasm[0]::function[311]::sqlite3_uri_boolean: 92 bytes
LLVM: wasm[0]::function[312]::findInodeInfo: 489 bytes
LLVM: wasm[0]::function[313]::verifyDbFile: 323 bytes
LLVM: wasm[0]::function[314]::getSafetyLevel: 1372 bytes
LLVM: wasm[0]::function[315]::unixClose: 191 bytes
LLVM: wasm[0]::function[316]::posixUnlock: 502 bytes
LLVM: wasm[0]::function[317]::releaseInodeInfo: 395 bytes
LLVM: wasm[0]::function[318]::unixLock: 783 bytes
LLVM: wasm[0]::function[319]::unixFileLock: 438 bytes
LLVM: wasm[0]::function[320]::unixUnlock: 46 bytes
LLVM: wasm[0]::function[321]::unixCheckReservedLock: 366 bytes
LLVM: wasm[0]::function[322]::closePendingFds: 416 bytes
LLVM: wasm[0]::function[323]::uriParameter: 207 bytes
LLVM: wasm[0]::function[324]::sqlite3GetInt32: 1033 bytes
LLVM: wasm[0]::function[325]::sqlite3_strnicmp: 159 bytes
LLVM: wasm[0]::function[326]::posixIoFinderImpl: 43 bytes
LLVM: wasm[0]::function[327]::versionFunc: 60 bytes
LLVM: wasm[0]::function[328]::sqlite3_result_text: 1183 bytes
LLVM: wasm[0]::function[329]::compileoptionusedFunc: 141 bytes
LLVM: wasm[0]::function[330]::compileoptiongetFunc: 116 bytes
LLVM: wasm[0]::function[331]::sqlite3_value_int: 176 bytes
LLVM: wasm[0]::function[332]::trimFunc: 1206 bytes
LLVM: wasm[0]::function[333]::valueBytes: 75 bytes
LLVM: wasm[0]::function[334]::contextMalloc: 790 bytes
LLVM: wasm[0]::function[335]::sqlite3WasmMemcmp: 166 bytes
LLVM: wasm[0]::function[336]::minmaxFunc: 495 bytes
LLVM: wasm[0]::function[337]::sqlite3MemCompare: 558 bytes
LLVM: wasm[0]::function[338]::sqlite3VdbeMemCopy: 238 bytes
LLVM: wasm[0]::function[339]::sqlite3VdbeMemSetStr: 1092 bytes
LLVM: wasm[0]::function[340]::minmaxStep: 871 bytes
LLVM: wasm[0]::function[341]::createAggContext: 236 bytes
LLVM: wasm[0]::function[342]::sqlite3IntFloatCompare: 216 bytes
LLVM: wasm[0]::function[343]::vdbeCompareMemStringWithEncodingChange: 483 bytes
LLVM: wasm[0]::function[344]::sqlite3BlobCompare: 264 bytes
LLVM: wasm[0]::function[345]::minMaxFinalize: 48 bytes
LLVM: wasm[0]::function[346]::minMaxValueFinalize: 368 bytes
LLVM: wasm[0]::function[347]::minMaxValue: 51 bytes
LLVM: wasm[0]::function[348]::typeofFunc: 90 bytes
LLVM: wasm[0]::function[349]::subtypeFunc: 100 bytes
LLVM: wasm[0]::function[350]::lengthFunc: 417 bytes
LLVM: wasm[0]::function[351]::sqlite3_value_bytes: 115 bytes
LLVM: wasm[0]::function[352]::bytelengthFunc: 341 bytes
LLVM: wasm[0]::function[353]::sqlite3ValueBytes: 114 bytes
LLVM: wasm[0]::function[354]::instrFunc: 1270 bytes
LLVM: wasm[0]::function[355]::sqlite3_value_blob: 130 bytes
LLVM: wasm[0]::function[356]::sqlite3_value_dup: 285 bytes
LLVM: wasm[0]::function[357]::sqlite3_result_error_nomem: 129 bytes
LLVM: wasm[0]::function[358]::sqlite3ValueFree: 474 bytes
LLVM: wasm[0]::function[359]::printfFunc: 1275 bytes
LLVM: wasm[0]::function[360]::sqlite3RowSetClear: 529 bytes
LLVM: wasm[0]::function[361]::unicodeFunc: 193 bytes
LLVM: wasm[0]::function[362]::sqlite3Utf8Read: 176 bytes
LLVM: wasm[0]::function[363]::charFunc: 1464 bytes
LLVM: wasm[0]::function[364]::sqlite3_result_text64: 1448 bytes
LLVM: wasm[0]::function[365]::absFunc: 336 bytes
LLVM: wasm[0]::function[366]::sqlite3_value_int64: 176 bytes
LLVM: wasm[0]::function[367]::sqlite3_result_double: 148 bytes
LLVM: wasm[0]::function[368]::roundFunc: 1072 bytes
LLVM: wasm[0]::function[369]::sqlite3AtoF: 2688 bytes
LLVM: wasm[0]::function[370]::upperFunc: 227 bytes
LLVM: wasm[0]::function[371]::lowerFunc: 217 bytes
LLVM: wasm[0]::function[372]::hexFunc: 561 bytes
LLVM: wasm[0]::function[373]::unhexFunc: 808 bytes
LLVM: wasm[0]::function[374]::strContainsChar: 198 bytes
LLVM: wasm[0]::function[375]::setResultStrOrError: 1167 bytes
LLVM: wasm[0]::function[376]::concatFunc: 64 bytes
LLVM: wasm[0]::function[377]::concatFuncCore: 1789 bytes
LLVM: wasm[0]::function[378]::concatwsFunc: 150 bytes
LLVM: wasm[0]::function[379]::randomFunc.379: 199 bytes
LLVM: wasm[0]::function[380]::randomBlob: 304 bytes
LLVM: wasm[0]::function[381]::nullifFunc: 134 bytes
LLVM: wasm[0]::function[382]::sqlite3_result_value: 228 bytes
LLVM: wasm[0]::function[383]::sourceidFunc: 60 bytes
LLVM: wasm[0]::function[384]::errlogFunc: 162 bytes
LLVM: wasm[0]::function[385]::unistrFunc: 1258 bytes
LLVM: wasm[0]::function[386]::isNHex: 116 bytes
LLVM: wasm[0]::function[387]::sqlite3AppendOneUtf8Character: 224 bytes
LLVM: wasm[0]::function[388]::quoteFunc: 784 bytes
LLVM: wasm[0]::function[389]::sqlite3_result_error_code: 137 bytes
LLVM: wasm[0]::function[390]::last_insert_rowid: 87 bytes
LLVM: wasm[0]::function[391]::changes: 87 bytes
LLVM: wasm[0]::function[392]::total_changes: 87 bytes
LLVM: wasm[0]::function[393]::replaceFunc: 1184 bytes
LLVM: wasm[0]::function[394]::zeroblobFunc: 108 bytes
LLVM: wasm[0]::function[395]::sqlite3_result_zeroblob64: 134 bytes
LLVM: wasm[0]::function[396]::substrFunc: 2040 bytes
LLVM: wasm[0]::function[397]::sqlite3_result_blob64: 125 bytes
LLVM: wasm[0]::function[398]::sqlite3RCStrUnref: 332 bytes
LLVM: wasm[0]::function[399]::sumStep: 1408 bytes
LLVM: wasm[0]::function[400]::applyNumericAffinity: 816 bytes
LLVM: wasm[0]::function[401]::kahanBabuskaNeumaierStep: 208 bytes
LLVM: wasm[0]::function[402]::kahanBabuskaNeumaierStepInt64: 352 bytes
LLVM: wasm[0]::function[403]::sumFinalize: 412 bytes
LLVM: wasm[0]::function[404]::sumInverse: 576 bytes
LLVM: wasm[0]::function[405]::sqlite3_value_numeric_type: 105 bytes
LLVM: wasm[0]::function[406]::sqlite3SubInt64: 155 bytes
LLVM: wasm[0]::function[407]::totalFinalize: 189 bytes
LLVM: wasm[0]::function[408]::avgFinalize: 311 bytes
LLVM: wasm[0]::function[409]::countStep: 158 bytes
LLVM: wasm[0]::function[410]::countFinalize: 157 bytes
LLVM: wasm[0]::function[411]::countInverse: 158 bytes
LLVM: wasm[0]::function[412]::groupConcatStep: 1335 bytes
LLVM: wasm[0]::function[413]::groupConcatFinalize: 508 bytes
LLVM: wasm[0]::function[414]::groupConcatValue: 300 bytes
LLVM: wasm[0]::function[415]::groupConcatInverse: 437 bytes
LLVM: wasm[0]::function[416]::percentStep: 1176 bytes
LLVM: wasm[0]::function[417]::percentError: 553 bytes
LLVM: wasm[0]::function[418]::percentFinal: 51 bytes
LLVM: wasm[0]::function[419]::percentCompute: 488 bytes
LLVM: wasm[0]::function[420]::percentValue: 48 bytes
LLVM: wasm[0]::function[421]::percentInverse: 422 bytes
LLVM: wasm[0]::function[422]::percentSort: 544 bytes
LLVM: wasm[0]::function[423]::likeFunc: 905 bytes
LLVM: wasm[0]::function[424]::xCeil: 44 bytes
LLVM: wasm[0]::function[425]::ceilingFunc: 300 bytes
LLVM: wasm[0]::function[426]::xFloor: 44 bytes
LLVM: wasm[0]::function[427]::logFunc: 320 bytes
LLVM: wasm[0]::function[428]::log: 896 bytes
LLVM: wasm[0]::function[429]::log10: 688 bytes
LLVM: wasm[0]::function[430]::log2: 896 bytes
LLVM: wasm[0]::function[431]::math1Func: 234 bytes
LLVM: wasm[0]::function[432]::math2Func: 291 bytes
LLVM: wasm[0]::function[433]::degToRad: 56 bytes
LLVM: wasm[0]::function[434]::radToDeg: 56 bytes
LLVM: wasm[0]::function[435]::piFunc: 96 bytes
LLVM: wasm[0]::function[436]::signFunc: 198 bytes
LLVM: wasm[0]::function[437]::sqlite3MemRealValueRCSlowPath: 626 bytes
LLVM: wasm[0]::function[438]::sqlite3DbStrNDup: 356 bytes
LLVM: wasm[0]::function[439]::sqlite3VdbeMemHandleBom: 276 bytes
LLVM: wasm[0]::function[440]::sqlite3VdbeMemSetText: 922 bytes
LLVM: wasm[0]::function[441]::sqlite3ErrStr: 110 bytes
LLVM: wasm[0]::function[442]::sqlite3ResultStrAccum: 150 bytes
LLVM: wasm[0]::function[443]::invokeValueDestructor: 212 bytes
LLVM: wasm[0]::function[444]::sqlite3VdbeMemSetZeroBlob: 123 bytes
LLVM: wasm[0]::function[445]::sqlite3VdbeMemShallowCopy: 114 bytes
LLVM: wasm[0]::function[446]::vdbeClrCopy: 92 bytes
LLVM: wasm[0]::function[447]::jsonRemoveFunc: 884 bytes
LLVM: wasm[0]::function[448]::jsonParseFuncArg: 2628 bytes
LLVM: wasm[0]::function[449]::jsonLookupStep: 5753 bytes
LLVM: wasm[0]::function[450]::jsonReturnParse: 353 bytes
LLVM: wasm[0]::function[451]::jsonParseReset: 811 bytes
LLVM: wasm[0]::function[452]::jsonBadPathError: 533 bytes
LLVM: wasm[0]::function[453]::jsonParseFree: 480 bytes
LLVM: wasm[0]::function[454]::jsonArrayFunc: 290 bytes
LLVM: wasm[0]::function[455]::jsonAppendChar: 88 bytes
LLVM: wasm[0]::function[456]::jsonAppendSeparator: 118 bytes
LLVM: wasm[0]::function[457]::jsonAppendSqlValue: 1016 bytes
LLVM: wasm[0]::function[458]::jsonReturnString: 1098 bytes
LLVM: wasm[0]::function[459]::jsonSetFunc: 106 bytes
LLVM: wasm[0]::function[460]::jsonWrongNumArgs: 185 bytes
LLVM: wasm[0]::function[461]::jsonInsertIntoBlob: 3392 bytes
LLVM: wasm[0]::function[462]::jsonArrayLengthFunc: 353 bytes
LLVM: wasm[0]::function[463]::jsonbArrayCount: 596 bytes
LLVM: wasm[0]::function[464]::jsonErrorFunc: 466 bytes
LLVM: wasm[0]::function[465]::jsonArgIsJsonb: 691 bytes
LLVM: wasm[0]::function[466]::jsonbValidityCheck: 1756 bytes
LLVM: wasm[0]::function[467]::jsonConvertTextToBlob: 329 bytes
LLVM: wasm[0]::function[468]::jsonExtractFunc: 3020 bytes
LLVM: wasm[0]::function[469]::jsonAppendRawNZ: 163 bytes
LLVM: wasm[0]::function[470]::jsonAppendRaw: 159 bytes
LLVM: wasm[0]::function[471]::jsonStringExpandAndAppend: 177 bytes
LLVM: wasm[0]::function[472]::jsonAppendCharExpand: 110 bytes
LLVM: wasm[0]::function[473]::jsonTranslateBlobToText: 3596 bytes
LLVM: wasm[0]::function[474]::jsonReturnFromBlob: 3604 bytes
LLVM: wasm[0]::function[475]::jsonObjectFunc: 909 bytes
LLVM: wasm[0]::function[476]::jsonStringReset: 396 bytes
LLVM: wasm[0]::function[477]::jsonAppendString: 925 bytes
LLVM: wasm[0]::function[478]::jsonPatchFunc: 333 bytes
LLVM: wasm[0]::function[479]::jsonMergePatch: 2294 bytes
LLVM: wasm[0]::function[480]::jsonPrettyFunc: 348 bytes
LLVM: wasm[0]::function[481]::jsonTranslateBlobToPrettyText: 974 bytes
LLVM: wasm[0]::function[482]::jsonQuoteFunc: 201 bytes
LLVM: wasm[0]::function[483]::jsonReplaceFunc: 73 bytes
LLVM: wasm[0]::function[484]::jsonTypeFunc: 802 bytes
LLVM: wasm[0]::function[485]::jsonValidFunc: 587 bytes
LLVM: wasm[0]::function[486]::jsonArrayStep: 304 bytes
LLVM: wasm[0]::function[487]::jsonArrayFinal: 51 bytes
LLVM: wasm[0]::function[488]::jsonArrayCompute: 513 bytes
LLVM: wasm[0]::function[489]::jsonArrayValue: 48 bytes
LLVM: wasm[0]::function[490]::jsonGroupInverse: 429 bytes
LLVM: wasm[0]::function[491]::jsonObjectStep: 580 bytes
LLVM: wasm[0]::function[492]::jsonObjectFinal: 51 bytes
LLVM: wasm[0]::function[493]::jsonObjectCompute: 1059 bytes
LLVM: wasm[0]::function[494]::jsonObjectValue: 48 bytes
LLVM: wasm[0]::function[495]::jsonReturnStringAsBlob: 290 bytes
LLVM: wasm[0]::function[496]::jsonTranslateTextToBlob: 8984 bytes
LLVM: wasm[0]::function[497]::jsonCacheInsert: 733 bytes
LLVM: wasm[0]::function[498]::jsonBlobExpandAndAppendNode: 447 bytes
LLVM: wasm[0]::function[499]::json5Whitespace: 812 bytes
LLVM: wasm[0]::function[500]::jsonIs4Hex: 109 bytes
LLVM: wasm[0]::function[501]::strspn: 241 bytes
LLVM: wasm[0]::function[502]::jsonBlobExpand: 136 bytes
LLVM: wasm[0]::function[503]::jsonBlobAppendNode: 173 bytes
LLVM: wasm[0]::function[504]::strncmp: 122 bytes
LLVM: wasm[0]::function[505]::jsonBlobExpandAndAppendOneByte: 166 bytes
LLVM: wasm[0]::function[506]::jsonBlobAppendOneByte: 83 bytes
LLVM: wasm[0]::function[507]::jsonStringGrow: 1698 bytes
LLVM: wasm[0]::function[508]::jsonCacheDeleteGeneric: 584 bytes
LLVM: wasm[0]::function[509]::jsonStringOom: 95 bytes
LLVM: wasm[0]::function[510]::jsonAppendControlChar: 218 bytes
LLVM: wasm[0]::function[511]::jsonPrintf: 235 bytes
LLVM: wasm[0]::function[512]::sqlite3_vsnprintf: 174 bytes
LLVM: wasm[0]::function[513]::jsonStringTooDeep: 130 bytes
LLVM: wasm[0]::function[514]::jsonbPayloadSize: 442 bytes
LLVM: wasm[0]::function[515]::memchr: 388 bytes
LLVM: wasm[0]::function[516]::jsonUnescapeOneChar: 1372 bytes
LLVM: wasm[0]::function[517]::jsonHexToInt4: 224 bytes
LLVM: wasm[0]::function[518]::jsonBytesToBypass: 206 bytes
LLVM: wasm[0]::function[519]::sqlite3Utf8ReadLimited: 151 bytes
LLVM: wasm[0]::function[520]::jsonLabelCompareEscaped: 467 bytes
LLVM: wasm[0]::function[521]::jsonCreateEditSubstructure: 303 bytes
LLVM: wasm[0]::function[522]::jsonBlobMakeEditable: 402 bytes
LLVM: wasm[0]::function[523]::jsonBlobEdit: 511 bytes
LLVM: wasm[0]::function[524]::jsonAfterEditSizeAdjust: 732 bytes
LLVM: wasm[0]::function[525]::jsonBlobOverwrite: 324 bytes
LLVM: wasm[0]::function[526]::jsonPrettyIndent: 112 bytes
LLVM: wasm[0]::function[527]::jsonLabelCompare: 110 bytes
LLVM: wasm[0]::function[528]::jsonReturnTextJsonFromBlob: 269 bytes
LLVM: wasm[0]::function[529]::sqlite3DecOrHexToI64: 300 bytes
LLVM: wasm[0]::function[530]::juliandayFunc: 168 bytes
LLVM: wasm[0]::function[531]::isDate: 640 bytes
LLVM: wasm[0]::function[532]::computeJD: 520 bytes
LLVM: wasm[0]::function[533]::unixepochFunc: 304 bytes
LLVM: wasm[0]::function[534]::dateFunc: 557 bytes
LLVM: wasm[0]::function[535]::computeYMD: 544 bytes
LLVM: wasm[0]::function[536]::timeFunc: 840 bytes
LLVM: wasm[0]::function[537]::computeHMS: 272 bytes
LLVM: wasm[0]::function[538]::datetimeFunc: 1232 bytes
LLVM: wasm[0]::function[539]::strftimeFunc: 3160 bytes
LLVM: wasm[0]::function[540]::daysAfterJan01: 244 bytes
LLVM: wasm[0]::function[541]::timediffFunc: 980 bytes
LLVM: wasm[0]::function[542]::ctimeFunc: 51 bytes
LLVM: wasm[0]::function[543]::ctimestampFunc: 51 bytes
LLVM: wasm[0]::function[544]::cdateFunc: 51 bytes
LLVM: wasm[0]::function[545]::sqlite3NotPureFunc: 275 bytes
LLVM: wasm[0]::function[546]::setDateTimeToCurrent: 114 bytes
LLVM: wasm[0]::function[547]::parseDateOrTime: 648 bytes
LLVM: wasm[0]::function[548]::parseModifier: 6476 bytes
LLVM: wasm[0]::function[549]::sqlite3StmtCurrentTime: 117 bytes
LLVM: wasm[0]::function[550]::parseYyyyMmDd: 379 bytes
LLVM: wasm[0]::function[551]::parseHhMmSs: 528 bytes
LLVM: wasm[0]::function[552]::getDigits: 311 bytes
LLVM: wasm[0]::function[553]::computeFloor: 173 bytes
LLVM: wasm[0]::function[554]::autoAdjustDate: 232 bytes
LLVM: wasm[0]::function[555]::toLocaltime: 744 bytes
LLVM: wasm[0]::function[556]::osLocaltime: 290 bytes
LLVM: wasm[0]::function[557]::parseTimezone: 328 bytes
LLVM: wasm[0]::function[558]::localtime: 836 bytes
LLVM: wasm[0]::function[559]::sqlite3OsCurrentTimeInt64: 456 bytes
LLVM: wasm[0]::function[560]::row_numberStepFunc: 105 bytes
LLVM: wasm[0]::function[561]::row_numberValueFunc: 160 bytes
LLVM: wasm[0]::function[562]::noopStepFunc: 38 bytes
LLVM: wasm[0]::function[563]::dense_rankStepFunc: 103 bytes
LLVM: wasm[0]::function[564]::dense_rankValueFunc: 182 bytes
LLVM: wasm[0]::function[565]::rankStepFunc: 118 bytes
LLVM: wasm[0]::function[566]::rankValueFunc: 166 bytes
LLVM: wasm[0]::function[567]::percent_rankStepFunc: 107 bytes
LLVM: wasm[0]::function[568]::percent_rankValueFunc: 207 bytes
LLVM: wasm[0]::function[569]::percent_rankInvFunc: 99 bytes
LLVM: wasm[0]::function[570]::cume_distStepFunc: 107 bytes
LLVM: wasm[0]::function[571]::cume_distValueFunc: 151 bytes
LLVM: wasm[0]::function[572]::cume_distInvFunc: 99 bytes
LLVM: wasm[0]::function[573]::ntileStepFunc: 222 bytes
LLVM: wasm[0]::function[574]::ntileValueFunc: 399 bytes
LLVM: wasm[0]::function[575]::ntileInvFunc: 99 bytes
LLVM: wasm[0]::function[576]::last_valueStepFunc: 195 bytes
LLVM: wasm[0]::function[577]::last_valueFinalizeFunc: 162 bytes
LLVM: wasm[0]::function[578]::last_valueValueFunc: 133 bytes
LLVM: wasm[0]::function[579]::last_valueInvFunc: 149 bytes
LLVM: wasm[0]::function[580]::nth_valueStepFunc: 488 bytes
LLVM: wasm[0]::function[581]::nth_valueFinalizeFunc: 162 bytes
LLVM: wasm[0]::function[582]::noopValueFunc: 38 bytes
LLVM: wasm[0]::function[583]::first_valueStepFunc: 175 bytes
LLVM: wasm[0]::function[584]::first_valueFinalizeFunc: 165 bytes
LLVM: wasm[0]::function[585]::renameColumnFunc: 3010 bytes
LLVM: wasm[0]::function[586]::sqlite3FindTable: 2999 bytes
LLVM: wasm[0]::function[587]::renameParseSql: 733 bytes
LLVM: wasm[0]::function[588]::renameColumnSelectCb: 81 bytes
LLVM: wasm[0]::function[589]::renameColumnExprCb: 166 bytes
LLVM: wasm[0]::function[590]::sqlite3SelectPrep: 392 bytes
LLVM: wasm[0]::function[591]::sqlite3WalkSelect: 550 bytes
LLVM: wasm[0]::function[592]::sqlite3WalkExprList: 162 bytes
LLVM: wasm[0]::function[593]::sqlite3WalkExprNN: 919 bytes
LLVM: wasm[0]::function[594]::renameResolveTrigger: 1313 bytes
LLVM: wasm[0]::function[595]::sqlite3LocateTableItem: 145 bytes
LLVM: wasm[0]::function[596]::renameColumnElistNames: 331 bytes
LLVM: wasm[0]::function[597]::renameColumnIdlistNames: 204 bytes
LLVM: wasm[0]::function[598]::renameWalkTrigger: 409 bytes
LLVM: wasm[0]::function[599]::sqlite3_stricmp: 127 bytes
LLVM: wasm[0]::function[600]::renameEditSql: 2113 bytes
LLVM: wasm[0]::function[601]::renameColumnParseError: 307 bytes
LLVM: wasm[0]::function[602]::renameParseCleanup: 266 bytes
LLVM: wasm[0]::function[603]::renameTableFunc: 2341 bytes
LLVM: wasm[0]::function[604]::renameTableSelectCb: 258 bytes
LLVM: wasm[0]::function[605]::renameTableExprCb: 105 bytes
LLVM: wasm[0]::function[606]::renameTableTest: 785 bytes
LLVM: wasm[0]::function[607]::sqlite3FindDbName: 298 bytes
LLVM: wasm[0]::function[608]::dropColumnFunc: 859 bytes
LLVM: wasm[0]::function[609]::getConstraintToken: 358 bytes
LLVM: wasm[0]::function[610]::sqlite3MPrintf: 256 bytes
LLVM: wasm[0]::function[611]::renameQuotefixFunc: 1101 bytes
LLVM: wasm[0]::function[612]::renameQuotefixExprCb: 85 bytes
LLVM: wasm[0]::function[613]::dropConstraintFunc: 1259 bytes
LLVM: wasm[0]::function[614]::skipCreateTable: 296 bytes
LLVM: wasm[0]::function[615]::getWhitespace: 177 bytes
LLVM: wasm[0]::function[616]::quotedCompare: 569 bytes
LLVM: wasm[0]::function[617]::getConstraint: 244 bytes
LLVM: wasm[0]::function[618]::errorMPrintf: 216 bytes
LLVM: wasm[0]::function[619]::sqlite3GetToken: 2772 bytes
LLVM: wasm[0]::function[620]::failConstraintFunc: 174 bytes
LLVM: wasm[0]::function[621]::addConstraintFunc: 681 bytes
LLVM: wasm[0]::function[622]::findConstraintFunc: 557 bytes
LLVM: wasm[0]::function[623]::sqlite3Dequote: 134 bytes
LLVM: wasm[0]::function[624]::sqlite3ParseObjectInit: 205 bytes
LLVM: wasm[0]::function[625]::sqlite3RunParser: 5380 bytes
LLVM: wasm[0]::function[626]::renameTokenFind: 146 bytes
LLVM: wasm[0]::function[627]::renameWalkWith: 600 bytes
LLVM: wasm[0]::function[628]::sqlite3ExprWalkNoop: 40 bytes
LLVM: wasm[0]::function[629]::convertCompoundSelectToSubquery: 745 bytes
LLVM: wasm[0]::function[630]::sqlite3SelectPopWith: 113 bytes
LLVM: wasm[0]::function[631]::selectExpander: 8920 bytes
LLVM: wasm[0]::function[632]::resolveSelectStep: 4542 bytes
LLVM: wasm[0]::function[633]::resolveExprStep: 11468 bytes
LLVM: wasm[0]::function[634]::selectAddSubqueryTypeInfo: 272 bytes
LLVM: wasm[0]::function[635]::sqlite3SelectWalkNoop: 40 bytes
LLVM: wasm[0]::function[636]::sqlite3WalkSelectExpr: 527 bytes
LLVM: wasm[0]::function[637]::walkWindowList: 421 bytes
LLVM: wasm[0]::function[638]::viewGetColumnNames: 2076 bytes
LLVM: wasm[0]::function[639]::sqlite3ResolveExprNames: 392 bytes
LLVM: wasm[0]::function[640]::sqlite3SrcListDup: 1519 bytes
LLVM: wasm[0]::function[641]::sqlite3SelectNew: 737 bytes
LLVM: wasm[0]::function[642]::clearSelect: 1363 bytes
LLVM: wasm[0]::function[643]::sqlite3ResolveExprListNames: 505 bytes
LLVM: wasm[0]::function[644]::sqlite3SrcListDelete: 2369 bytes
LLVM: wasm[0]::function[645]::renameColumnTokenNext: 119 bytes
LLVM: wasm[0]::function[646]::sqlite3VdbeFinalize: 91 bytes
LLVM: wasm[0]::function[647]::sqlite3DeleteTable: 84 bytes
LLVM: wasm[0]::function[648]::sqlite3FreeIndex: 1386 bytes
LLVM: wasm[0]::function[649]::sqlite3DeleteTrigger: 199 bytes
LLVM: wasm[0]::function[650]::sqlite3ParseObjectReset: 1313 bytes
LLVM: wasm[0]::function[651]::sqlite3VdbeReset: 909 bytes
LLVM: wasm[0]::function[652]::sqlite3VdbeDelete: 2292 bytes
LLVM: wasm[0]::function[653]::deleteTable: 8121 bytes
LLVM: wasm[0]::function[654]::sqlite3ExprDeleteNN: 1256 bytes
LLVM: wasm[0]::function[655]::exprListDeleteNN: 2794 bytes
LLVM: wasm[0]::function[656]::sqlite3DeleteTriggerStep: 285 bytes
LLVM: wasm[0]::function[657]::sqlite3IdListDelete: 1236 bytes
LLVM: wasm[0]::function[658]::sqlite3DbNNFreeNN: 440 bytes
LLVM: wasm[0]::function[659]::sqlite3WindowDelete: 292 bytes
LLVM: wasm[0]::function[660]::cteClear: 521 bytes
LLVM: wasm[0]::function[661]::sqlite3WithDelete: 598 bytes
LLVM: wasm[0]::function[662]::sqlite3HashInsert: 4438 bytes
LLVM: wasm[0]::function[663]::fkTriggerDelete: 226 bytes
LLVM: wasm[0]::function[664]::sqlite3DeleteColumnNames: 268 bytes
LLVM: wasm[0]::function[665]::sqlite3HashClear: 677 bytes
LLVM: wasm[0]::function[666]::upsertDelete: 219 bytes
LLVM: wasm[0]::function[667]::sqlite3VdbeHalt: 12075 bytes
LLVM: wasm[0]::function[668]::releaseMemArray: 1040 bytes
LLVM: wasm[0]::function[669]::vdbeFreeOpArray: 538 bytes
LLVM: wasm[0]::function[670]::freeP4: 1392 bytes
LLVM: wasm[0]::function[671]::freeP4FuncCtx: 474 bytes
LLVM: wasm[0]::function[672]::freeP4Mem: 107 bytes
LLVM: wasm[0]::function[673]::sqlite3VtabModuleUnref: 585 bytes
LLVM: wasm[0]::function[674]::sqlite3KeyInfoUnref: 463 bytes
LLVM: wasm[0]::function[675]::sqlite3VtabUnlock: 244 bytes
LLVM: wasm[0]::function[676]::sqlite3VdbeFrameRestore: 242 bytes
LLVM: wasm[0]::function[677]::freeCursorWithCache: 780 bytes
LLVM: wasm[0]::function[678]::sqlite3VdbeSorterReset: 3228 bytes
LLVM: wasm[0]::function[679]::sqlite3PcacheRelease: 403 bytes
LLVM: wasm[0]::function[680]::pagerUnlockAndRollback: 1364 bytes
LLVM: wasm[0]::function[681]::sqlite3BtreeClose: 1536 bytes
LLVM: wasm[0]::function[682]::sqlite3VdbeFrameDelete: 234 bytes
LLVM: wasm[0]::function[683]::sqlite3VdbeDeleteAuxData: 2130 bytes
LLVM: wasm[0]::function[684]::sqlite3RollbackAll: 564 bytes
LLVM: wasm[0]::function[685]::sqlite3CloseSavepoints: 133 bytes
LLVM: wasm[0]::function[686]::vdbeFkError: 107 bytes
LLVM: wasm[0]::function[687]::sqlite3VtabImportErrmsg: 818 bytes
LLVM: wasm[0]::function[688]::autoVacuumCommit: 1069 bytes
LLVM: wasm[0]::function[689]::sqlite3PagerCommitPhaseOne: 964 bytes
LLVM: wasm[0]::function[690]::pager_end_transaction: 2810 bytes
LLVM: wasm[0]::function[691]::getPageError: 58 bytes
LLVM: wasm[0]::function[692]::getPageNormal: 1076 bytes
LLVM: wasm[0]::function[693]::sqlite3BitvecDestroy: 385 bytes
LLVM: wasm[0]::function[694]::sqlite3OsOpenMalloc: 486 bytes
LLVM: wasm[0]::function[695]::sqlite3BtreeCommitPhaseOne: 159 bytes
LLVM: wasm[0]::function[696]::sqlite3BtreeCommitPhaseTwo: 949 bytes
LLVM: wasm[0]::function[697]::sqlite3VtabCommit: 906 bytes
LLVM: wasm[0]::function[698]::vdbeCloseStatement: 1426 bytes
LLVM: wasm[0]::function[699]::sqlite3VdbeTransferError: 339 bytes
LLVM: wasm[0]::function[700]::closeCursorsInFrame: 2223 bytes
LLVM: wasm[0]::function[701]::sqlite3VdbeFreeCursorNN: 2275 bytes
LLVM: wasm[0]::function[702]::vdbePmaReaderClear: 144 bytes
LLVM: wasm[0]::function[703]::unlockBtreeIfUnused: 147 bytes
LLVM: wasm[0]::function[704]::releasePageOne: 110 bytes
LLVM: wasm[0]::function[705]::sqlite3PagerUnrefPageOne: 110 bytes
LLVM: wasm[0]::function[706]::sqlite3PagerRollback: 287 bytes
LLVM: wasm[0]::function[707]::pager_playback: 1576 bytes
LLVM: wasm[0]::function[708]::sqlite3WalEndWriteTransaction: 223 bytes
LLVM: wasm[0]::function[709]::sqlite3WalEndReadTransaction: 244 bytes
LLVM: wasm[0]::function[710]::pager_reset: 516 bytes
LLVM: wasm[0]::function[711]::sqlite3BtreeRollback: 1165 bytes
LLVM: wasm[0]::function[712]::removeFromSharingList: 125 bytes
LLVM: wasm[0]::function[713]::sqlite3PagerClose: 2311 bytes
LLVM: wasm[0]::function[714]::callFinaliser: 906 bytes
LLVM: wasm[0]::function[715]::sqlite3ResetAllSchemasOfConnection: 255 bytes
LLVM: wasm[0]::function[716]::sqlite3VdbeError: 157 bytes
LLVM: wasm[0]::function[717]::sqlite3DbStrDup: 1045 bytes
LLVM: wasm[0]::function[718]::sqlite3PagerExclusiveLock: 410 bytes
LLVM: wasm[0]::function[719]::pager_wait_on_lock: 411 bytes
LLVM: wasm[0]::function[720]::pagerLockDb: 262 bytes
LLVM: wasm[0]::function[721]::finalDbSize: 345 bytes
LLVM: wasm[0]::function[722]::saveCursorsOnList: 509 bytes
LLVM: wasm[0]::function[723]::incrVacuumStep: 1182 bytes
LLVM: wasm[0]::function[724]::sqlite3PagerWrite: 1441 bytes
LLVM: wasm[0]::function[725]::sqlite3PCachePercentDirty: 149 bytes
LLVM: wasm[0]::function[726]::pcacheSortDirtyList: 738 bytes
LLVM: wasm[0]::function[727]::pagerWalFrames: 375 bytes
LLVM: wasm[0]::function[728]::sqlite3PagerUnref: 104 bytes
LLVM: wasm[0]::function[729]::sqlite3PcacheCleanAll: 369 bytes
LLVM: wasm[0]::function[730]::pager_incr_changecounter: 304 bytes
LLVM: wasm[0]::function[731]::writeSuperJournal: 1433 bytes
LLVM: wasm[0]::function[732]::syncJournal: 1315 bytes
LLVM: wasm[0]::function[733]::pager_write_pagelist: 908 bytes
LLVM: wasm[0]::function[734]::pager_truncate: 780 bytes
LLVM: wasm[0]::function[735]::sqlite3PagerSync: 333 bytes
LLVM: wasm[0]::function[736]::zeroJournalHdr: 794 bytes
LLVM: wasm[0]::function[737]::pagerFlushOnCommit: 100 bytes
LLVM: wasm[0]::function[738]::sqlite3PcacheMakeClean: 285 bytes
LLVM: wasm[0]::function[739]::sqlite3WalExclusiveMode: 244 bytes
LLVM: wasm[0]::function[740]::pagerUnlockDb: 224 bytes
LLVM: wasm[0]::function[741]::sqlite3PcacheFetchStress: 564 bytes
LLVM: wasm[0]::function[742]::pcacheFetchFinishWithInit: 179 bytes
LLVM: wasm[0]::function[743]::sqlite3BitvecSet: 2205 bytes
LLVM: wasm[0]::function[744]::readDbPage: 637 bytes
LLVM: wasm[0]::function[745]::sqlite3PcacheDrop: 216 bytes
LLVM: wasm[0]::function[746]::sqlite3BtreeSavepoint: 255 bytes
LLVM: wasm[0]::function[747]::sqlite3PagerSavepoint: 896 bytes
LLVM: wasm[0]::function[748]::newDatabase: 587 bytes
LLVM: wasm[0]::function[749]::sqlite3VtabSavepoint: 472 bytes
LLVM: wasm[0]::function[750]::memjrnlFreeChunks: 356 bytes
LLVM: wasm[0]::function[751]::pagerPlaybackSavepoint: 976 bytes
LLVM: wasm[0]::function[752]::btreeParseCellPtr: 1277 bytes
LLVM: wasm[0]::function[753]::cellSizePtrTableLeaf: 661 bytes
LLVM: wasm[0]::function[754]::pagerWriteLargeSector: 747 bytes
LLVM: wasm[0]::function[755]::pager_write: 1841 bytes
LLVM: wasm[0]::function[756]::btreeParseCellAdjustSizeForOverflow: 121 bytes
LLVM: wasm[0]::function[757]::subjournalPageIfRequired: 1339 bytes
LLVM: wasm[0]::function[758]::sqlite3BitvecTestNotNull: 221 bytes
LLVM: wasm[0]::function[759]::sqlite3PagerLookup: 274 bytes
LLVM: wasm[0]::function[760]::sqlite3PagerUnrefNotNull: 100 bytes
LLVM: wasm[0]::function[761]::databaseIsUnmoved: 283 bytes
LLVM: wasm[0]::function[762]::writeJournalHdr: 812 bytes
LLVM: wasm[0]::function[763]::pagerAddPageToRollbackJournal: 1472 bytes
LLVM: wasm[0]::function[764]::sqlite3BitvecCreate: 741 bytes
LLVM: wasm[0]::function[765]::memjrnlClose: 358 bytes
LLVM: wasm[0]::function[766]::memjrnlRead: 535 bytes
LLVM: wasm[0]::function[767]::memjrnlWrite: 1671 bytes
LLVM: wasm[0]::function[768]::memjrnlCreateFile: 886 bytes
LLVM: wasm[0]::function[769]::memjrnlTruncate: 521 bytes
LLVM: wasm[0]::function[770]::memjrnlSync: 40 bytes
LLVM: wasm[0]::function[771]::memjrnlFileSize: 57 bytes
LLVM: wasm[0]::function[772]::pagerRollbackWal: 215 bytes
LLVM: wasm[0]::function[773]::pager_playback_one_page: 1686 bytes
LLVM: wasm[0]::function[774]::readJournalHdr: 736 bytes
LLVM: wasm[0]::function[775]::sqlite3WalSavepointUndo: 159 bytes
LLVM: wasm[0]::function[776]::sqlite3WalUndo: 379 bytes
LLVM: wasm[0]::function[777]::pagerUndoCallback: 293 bytes
LLVM: wasm[0]::function[778]::read32bits: 262 bytes
LLVM: wasm[0]::function[779]::backupUpdate: 164 bytes
LLVM: wasm[0]::function[780]::sqlite3PcacheMakeDirty: 151 bytes
LLVM: wasm[0]::function[781]::sqlite3PagerSetPagesize: 2032 bytes
LLVM: wasm[0]::function[782]::walCleanupHash: 257 bytes
LLVM: wasm[0]::function[783]::walHashGet: 139 bytes
LLVM: wasm[0]::function[784]::walIndexPage: 84 bytes
LLVM: wasm[0]::function[785]::walIndexPageRealloc: 610 bytes
LLVM: wasm[0]::function[786]::sqlite3PageMalloc: 1000 bytes
LLVM: wasm[0]::function[787]::sqlite3PageFree: 502 bytes
LLVM: wasm[0]::function[788]::backupOnePage: 1389 bytes
LLVM: wasm[0]::function[789]::pcacheManageDirtyList: 116 bytes
LLVM: wasm[0]::function[790]::walFindFrame: 550 bytes
LLVM: wasm[0]::function[791]::saveCursorPosition: 476 bytes
LLVM: wasm[0]::function[792]::saveCursorKey: 1077 bytes
LLVM: wasm[0]::function[793]::getCellInfo: 246 bytes
LLVM: wasm[0]::function[794]::accessPayload: 2843 bytes
LLVM: wasm[0]::function[795]::getOverflowPage: 726 bytes
LLVM: wasm[0]::function[796]::ptrmapGet: 508 bytes
LLVM: wasm[0]::function[797]::releasePage: 110 bytes
LLVM: wasm[0]::function[798]::btreeGetPage: 317 bytes
LLVM: wasm[0]::function[799]::pager_write_changecounter: 117 bytes
LLVM: wasm[0]::function[800]::walFrames: 2388 bytes
LLVM: wasm[0]::function[801]::memcmp: 85 bytes
LLVM: wasm[0]::function[802]::walRestartLog: 731 bytes
LLVM: wasm[0]::function[803]::walWriteOneFrame: 209 bytes
LLVM: wasm[0]::function[804]::walRewriteChecksums: 965 bytes
LLVM: wasm[0]::function[805]::walLimitSize: 403 bytes
LLVM: wasm[0]::function[806]::walIndexAppend: 476 bytes
LLVM: wasm[0]::function[807]::walIndexWriteHdr: 492 bytes
LLVM: wasm[0]::function[808]::walRestartHdr: 213 bytes
LLVM: wasm[0]::function[809]::walTryBeginRead: 3229 bytes
LLVM: wasm[0]::function[810]::walEncodeFrame: 272 bytes
LLVM: wasm[0]::function[811]::walWriteToLog: 548 bytes
LLVM: wasm[0]::function[812]::walChecksumBytes: 476 bytes
LLVM: wasm[0]::function[813]::walIndexReadHdr: 1245 bytes
LLVM: wasm[0]::function[814]::walBeginShmUnreliable: 1451 bytes
LLVM: wasm[0]::function[815]::walIndexTryHdr: 734 bytes
LLVM: wasm[0]::function[816]::walIndexRecover: 3795 bytes
LLVM: wasm[0]::function[817]::walIndexClose: 284 bytes
LLVM: wasm[0]::function[818]::walDecodeFrame: 287 bytes
LLVM: wasm[0]::function[819]::allocateBtreePage: 4626 bytes
LLVM: wasm[0]::function[820]::relocatePage: 550 bytes
LLVM: wasm[0]::function[821]::readSuperJournal: 1047 bytes
LLVM: wasm[0]::function[822]::pager_delsuper: 2276 bytes
LLVM: wasm[0]::function[823]::freeSuperJournal: 319 bytes
LLVM: wasm[0]::function[824]::setSectorSize: 348 bytes
LLVM: wasm[0]::function[825]::pagerIsSuperJrnlName: 280 bytes
LLVM: wasm[0]::function[826]::btreeGetUnusedPage: 455 bytes
LLVM: wasm[0]::function[827]::sqlite3PagerMovepage: 728 bytes
LLVM: wasm[0]::function[828]::setChildPtrmaps: 427 bytes
LLVM: wasm[0]::function[829]::ptrmapPut: 730 bytes
LLVM: wasm[0]::function[830]::modifyPagePointer: 969 bytes
LLVM: wasm[0]::function[831]::sqlite3PcacheMove: 569 bytes
LLVM: wasm[0]::function[832]::sqlite3BitvecClear: 420 bytes
LLVM: wasm[0]::function[833]::btreeInitPage: 458 bytes
LLVM: wasm[0]::function[834]::ptrmapPutOvflPtr: 396 bytes
LLVM: wasm[0]::function[835]::decodeFlags: 391 bytes
LLVM: wasm[0]::function[836]::btreeCellSizeCheck: 533 bytes
LLVM: wasm[0]::function[837]::btreeParseCellPtrIndex: 583 bytes
LLVM: wasm[0]::function[838]::cellSizePtrIdxLeaf: 557 bytes
LLVM: wasm[0]::function[839]::cellSizePtr: 462 bytes
LLVM: wasm[0]::function[840]::btreeParseCellPtrNoPayload: 94 bytes
LLVM: wasm[0]::function[841]::cellSizePtrNoPayload: 104 bytes
LLVM: wasm[0]::function[842]::sqlite3GetVarint: 658 bytes
LLVM: wasm[0]::function[843]::sqlite3BtreeTripAllCursors: 385 bytes
LLVM: wasm[0]::function[844]::sqlite3SchemaClear: 2739 bytes
LLVM: wasm[0]::function[845]::sqlite3VtabUnlockList: 310 bytes
LLVM: wasm[0]::function[846]::sqlite3CollapseDatabaseArray: 367 bytes
LLVM: wasm[0]::function[847]::sqlite3BtreeClearCursor: 347 bytes
LLVM: wasm[0]::function[848]::btreeReleaseAllCursorPages: 396 bytes
LLVM: wasm[0]::function[849]::sqlite3WalClose: 1178 bytes
LLVM: wasm[0]::function[850]::pager_unlock: 1220 bytes
LLVM: wasm[0]::function[851]::pagerSyncHotJournal: 307 bytes
LLVM: wasm[0]::function[852]::freeTempSpace: 540 bytes
LLVM: wasm[0]::function[853]::sqlite3WalCheckpoint: 1018 bytes
LLVM: wasm[0]::function[854]::walBusyLock: 520 bytes
LLVM: wasm[0]::function[855]::walCheckpoint: 4232 bytes
LLVM: wasm[0]::function[856]::walIteratorInit: 928 bytes
LLVM: wasm[0]::function[857]::walIteratorNext: 287 bytes
LLVM: wasm[0]::function[858]::walMergesort: 834 bytes
LLVM: wasm[0]::function[859]::walMerge: 384 bytes
LLVM: wasm[0]::function[860]::vdbeMergeEngineFree: 380 bytes
LLVM: wasm[0]::function[861]::vdbeIncrFree: 330 bytes
LLVM: wasm[0]::function[862]::sqlite3HashFind: 464 bytes
LLVM: wasm[0]::function[863]::vtabCallConstructor: 1918 bytes
LLVM: wasm[0]::function[864]::sqlite3SelectDup: 1138 bytes
LLVM: wasm[0]::function[865]::sqlite3SrcListAssignCursors: 281 bytes
LLVM: wasm[0]::function[866]::sqlite3ResultSetOfSelect: 505 bytes
LLVM: wasm[0]::function[867]::sqlite3ColumnsFromExprList: 4128 bytes
LLVM: wasm[0]::function[868]::sqlite3SubqueryColumnTypes: 1672 bytes
LLVM: wasm[0]::function[869]::sqlite3ExprListDup: 2165 bytes
LLVM: wasm[0]::function[870]::sqlite3IdListDup: 218 bytes
LLVM: wasm[0]::function[871]::exprDup: 1471 bytes
LLVM: wasm[0]::function[872]::sqlite3ExprAlloc: 574 bytes
LLVM: wasm[0]::function[873]::sqlite3ExprListAppendNew: 313 bytes
LLVM: wasm[0]::function[874]::sqlite3ExprCanBeNull: 182 bytes
LLVM: wasm[0]::function[875]::notValidImpl: 265 bytes
LLVM: wasm[0]::function[876]::sqlite3FindFunction: 1822 bytes
LLVM: wasm[0]::function[877]::exprProbability: 248 bytes
LLVM: wasm[0]::function[878]::resolveSetExprSubtypeArg: 208 bytes
LLVM: wasm[0]::function[879]::sqlite3ExprSkipCollateAndLikely: 105 bytes
LLVM: wasm[0]::function[880]::sqlite3WindowUpdate: 944 bytes
LLVM: wasm[0]::function[881]::sqlite3WindowLink: 239 bytes
LLVM: wasm[0]::function[882]::exprRefToSrcList: 179 bytes
LLVM: wasm[0]::function[883]::selectRefEnter: 223 bytes
LLVM: wasm[0]::function[884]::selectRefLeave: 80 bytes
LLVM: wasm[0]::function[885]::sqlite3MatchEName: 445 bytes
LLVM: wasm[0]::function[886]::sqlite3IdListIndex: 160 bytes
LLVM: wasm[0]::function[887]::extendFJMatch: 183 bytes
LLVM: wasm[0]::function[888]::isValidSchemaTableName: 639 bytes
LLVM: wasm[0]::function[889]::sqlite3ColumnIndex: 373 bytes
LLVM: wasm[0]::function[890]::sqlite3IsRowid: 232 bytes
LLVM: wasm[0]::function[891]::sqlite3TableColumnToStorage: 142 bytes
LLVM: wasm[0]::function[892]::resolveAlias: 808 bytes
LLVM: wasm[0]::function[893]::sqlite3ExprIdToTrueFalse: 235 bytes
LLVM: wasm[0]::function[894]::sqlite3AuthRead: 273 bytes
LLVM: wasm[0]::function[895]::resolveOrderGroupBy: 1981 bytes
LLVM: wasm[0]::function[896]::sqlite3SelectWrongNumTermsError: 156 bytes
LLVM: wasm[0]::function[897]::selectCheckOnClausesSelect: 205 bytes
LLVM: wasm[0]::function[898]::selectCheckOnClausesExpr: 361 bytes
LLVM: wasm[0]::function[899]::sqlite3ExprIsInteger: 510 bytes
LLVM: wasm[0]::function[900]::resolveOutOfRangeError: 198 bytes
LLVM: wasm[0]::function[901]::resolveOrderByTermToExprList: 559 bytes
LLVM: wasm[0]::function[902]::sqlite3ExprCompare: 1261 bytes
LLVM: wasm[0]::function[903]::resolveRemoveWindowsCb: 94 bytes
LLVM: wasm[0]::function[904]::sqlite3VdbeGetBoundValue: 225 bytes
LLVM: wasm[0]::function[905]::dupedExprSize: 384 bytes
LLVM: wasm[0]::function[906]::sqlite3WindowDup: 495 bytes
LLVM: wasm[0]::function[907]::sqlite3ExprInt32: 349 bytes
LLVM: wasm[0]::function[908]::exprCompareVariable: 432 bytes
LLVM: wasm[0]::function[909]::sqlite3WindowCompare: 341 bytes
LLVM: wasm[0]::function[910]::valueFromExpr: 1992 bytes
LLVM: wasm[0]::function[911]::sqlite3ExprListCompare: 229 bytes
LLVM: wasm[0]::function[912]::sqlite3AffinityType: 907 bytes
LLVM: wasm[0]::function[913]::sqlite3VdbeMemCast: 412 bytes
LLVM: wasm[0]::function[914]::sqlite3ValueApplyAffinity: 344 bytes
LLVM: wasm[0]::function[915]::sqlite3VdbeMemNumerify: 376 bytes
LLVM: wasm[0]::function[916]::sqlite3HexToBlob: 202 bytes
LLVM: wasm[0]::function[917]::sqlite3VdbeMemIntegerify: 232 bytes
LLVM: wasm[0]::function[918]::sqlite3VdbeMemRealify: 135 bytes
LLVM: wasm[0]::function[919]::sqlite3VdbeMemZeroTerminateIfAble: 300 bytes
LLVM: wasm[0]::function[920]::applyAffinity: 232 bytes
LLVM: wasm[0]::function[921]::sqlite3WithDup: 405 bytes
LLVM: wasm[0]::function[922]::gatherSelectWindowsSelectCallback: 55 bytes
LLVM: wasm[0]::function[923]::gatherSelectWindowsCallback: 81 bytes
LLVM: wasm[0]::function[924]::incrAggDepth: 73 bytes
LLVM: wasm[0]::function[925]::sqlite3ExprAddCollateString: 203 bytes
LLVM: wasm[0]::function[926]::sqlite3ExprDeleteGeneric: 50 bytes
LLVM: wasm[0]::function[927]::sqlite3ExprDeferredDelete: 309 bytes
LLVM: wasm[0]::function[928]::sqlite3DequoteExpr: 182 bytes
LLVM: wasm[0]::function[929]::sqlite3ExprAddCollateToken: 117 bytes
LLVM: wasm[0]::function[930]::sqlite3ExprListAppend: 141 bytes
LLVM: wasm[0]::function[931]::sqlite3AuthReadCol: 537 bytes
LLVM: wasm[0]::function[932]::sqlite3AuthCheck: 340 bytes
LLVM: wasm[0]::function[933]::windowFind: 218 bytes
LLVM: wasm[0]::function[934]::sqlite3WindowChain: 335 bytes
LLVM: wasm[0]::function[935]::sqlite3ExprListAppendGrow: 295 bytes
LLVM: wasm[0]::function[936]::sqlite3Expr: 164 bytes
LLVM: wasm[0]::function[937]::sqlite3ColumnType: 102 bytes
LLVM: wasm[0]::function[938]::sqlite3ProgressCheck: 286 bytes
LLVM: wasm[0]::function[939]::sqlite3ExprAffinity: 484 bytes
LLVM: wasm[0]::function[940]::sqlite3ExprDataType: 936 bytes
LLVM: wasm[0]::function[941]::columnTypeImpl: 452 bytes
LLVM: wasm[0]::function[942]::sqlite3ExprCollSeq: 1156 bytes
LLVM: wasm[0]::function[943]::sqlite3GetCollSeq: 324 bytes
LLVM: wasm[0]::function[944]::sqlite3ColumnSetColl: 292 bytes
LLVM: wasm[0]::function[945]::sqlite3FindCollSeq: 643 bytes
LLVM: wasm[0]::function[946]::callCollNeeded: 599 bytes
LLVM: wasm[0]::function[947]::synthCollSeq: 210 bytes
LLVM: wasm[0]::function[948]::sqlite3WalkWinDefnDummyCallback: 38 bytes
LLVM: wasm[0]::function[949]::sqlite3SrcListAppendFromTerm: 594 bytes
LLVM: wasm[0]::function[950]::sqlite3ExpandSubquery: 416 bytes
LLVM: wasm[0]::function[951]::sqlite3SrcItemAttachSubquery: 501 bytes
LLVM: wasm[0]::function[952]::sqlite3LocateTable: 2431 bytes
LLVM: wasm[0]::function[953]::sqlite3IndexedByLookup: 261 bytes
LLVM: wasm[0]::function[954]::tableAndColumnIndex: 329 bytes
LLVM: wasm[0]::function[955]::sqlite3IdListAppend: 366 bytes
LLVM: wasm[0]::function[956]::sqlite3CreateColumnExpr: 258 bytes
LLVM: wasm[0]::function[957]::sqlite3ExprFunction: 358 bytes
LLVM: wasm[0]::function[958]::sqlite3PExpr: 646 bytes
LLVM: wasm[0]::function[959]::sqlite3ExprAnd: 198 bytes
LLVM: wasm[0]::function[960]::sqlite3SetJoinExpr: 242 bytes
LLVM: wasm[0]::function[961]::sqlite3RowidAlias: 144 bytes
LLVM: wasm[0]::function[962]::inAnyUsingClause: 155 bytes
LLVM: wasm[0]::function[963]::sqlite3InitOne: 1392 bytes
LLVM: wasm[0]::function[964]::sqlite3PragmaVtabRegister: 127 bytes
LLVM: wasm[0]::function[965]::sqlite3JsonVtabRegister: 376 bytes
LLVM: wasm[0]::function[966]::sqlite3VtabCreateModule: 993 bytes
LLVM: wasm[0]::function[967]::addModuleArgument: 262 bytes
LLVM: wasm[0]::function[968]::sqlite3VtabEponymousTableClear: 119 bytes
LLVM: wasm[0]::function[969]::sqlite3NameFromToken: 495 bytes
LLVM: wasm[0]::function[970]::sqlite3RenameTokenMap: 157 bytes
LLVM: wasm[0]::function[971]::sqlite3ExprSetHeightAndFlags: 659 bytes
LLVM: wasm[0]::function[972]::heightOfSelect: 856 bytes
LLVM: wasm[0]::function[973]::sqlite3InitCallback: 1179 bytes
LLVM: wasm[0]::function[974]::btreeBeginTrans: 8502 bytes
LLVM: wasm[0]::function[975]::sqlite3SetTextEncoding: 133 bytes
LLVM: wasm[0]::function[976]::sqlite3SetString: 115 bytes
LLVM: wasm[0]::function[977]::sqlite3BtreeSetCacheSize: 245 bytes
LLVM: wasm[0]::function[978]::sqlite3AnalysisLoad: 730 bytes
LLVM: wasm[0]::function[979]::sqlite3BtreeCommit: 101 bytes
LLVM: wasm[0]::function[980]::sqlite3ResetOneSchema: 228 bytes
LLVM: wasm[0]::function[981]::sqlite3Init: 278 bytes
LLVM: wasm[0]::function[982]::sqlite3ReadSchema: 361 bytes
LLVM: wasm[0]::function[983]::pragmaLocate: 198 bytes
LLVM: wasm[0]::function[984]::carrayConnect: 125 bytes
LLVM: wasm[0]::function[985]::sqlite3_declare_vtab: 1257 bytes
LLVM: wasm[0]::function[986]::carrayBestIndex: 364 bytes
LLVM: wasm[0]::function[987]::carrayDisconnect: 48 bytes
LLVM: wasm[0]::function[988]::carrayOpen: 147 bytes
LLVM: wasm[0]::function[989]::carrayClose: 48 bytes
LLVM: wasm[0]::function[990]::carrayFilter: 728 bytes
LLVM: wasm[0]::function[991]::sqlite3_value_pointer: 113 bytes
LLVM: wasm[0]::function[992]::carrayNext: 59 bytes
LLVM: wasm[0]::function[993]::carrayEof: 62 bytes
LLVM: wasm[0]::function[994]::carrayColumn: 348 bytes
LLVM: wasm[0]::function[995]::carrayRowid: 57 bytes
LLVM: wasm[0]::function[996]::sqlite3ErrorWithMsg: 711 bytes
LLVM: wasm[0]::function[997]::analyzeWindowKeyword: 148 bytes
LLVM: wasm[0]::function[998]::getToken: 225 bytes
LLVM: wasm[0]::function[999]::yyGrowStack: 343 bytes
LLVM: wasm[0]::function[1000]::yyStackOverflow: 162 bytes
LLVM: wasm[0]::function[1001]::yy_reduce: 30848 bytes
LLVM: wasm[0]::function[1002]::yy_syntax_error: 169 bytes
LLVM: wasm[0]::function[1003]::yy_destructor: 920 bytes
LLVM: wasm[0]::function[1004]::parserStackRealloc: 220 bytes
LLVM: wasm[0]::function[1005]::sqlite3GetVdbe: 87 bytes
LLVM: wasm[0]::function[1006]::sqlite3VdbeAddOp0: 134 bytes
LLVM: wasm[0]::function[1007]::sqlite3VdbeAddOp1: 139 bytes
LLVM: wasm[0]::function[1008]::growOp3: 482 bytes
LLVM: wasm[0]::function[1009]::sqlite3VdbeAddOp2: 140 bytes
LLVM: wasm[0]::function[1010]::addOp4IntSlow: 190 bytes
LLVM: wasm[0]::function[1011]::vdbeChangeP4Full: 734 bytes
LLVM: wasm[0]::function[1012]::codeTableLocks: 200 bytes
LLVM: wasm[0]::function[1013]::sqlite3AutoincrementBegin: 387 bytes
LLVM: wasm[0]::function[1014]::sqlite3ExprCode: 313 bytes
LLVM: wasm[0]::function[1015]::sqlite3VdbeMakeReady: 1714 bytes
LLVM: wasm[0]::function[1016]::sqlite3VdbeCreate: 406 bytes
LLVM: wasm[0]::function[1017]::sqlite3Savepoint: 234 bytes
LLVM: wasm[0]::function[1018]::sqlite3StartTable: 4381 bytes
LLVM: wasm[0]::function[1019]::sqlite3EndTable: 8073 bytes
LLVM: wasm[0]::function[1020]::sqlite3AddColumn: 4151 bytes
LLVM: wasm[0]::function[1021]::sqlite3AddDefaultValue: 1238 bytes
LLVM: wasm[0]::function[1022]::tokenExpr: 486 bytes
LLVM: wasm[0]::function[1023]::sqlite3DequoteNumber: 632 bytes
LLVM: wasm[0]::function[1024]::sqlite3WindowAlloc: 419 bytes
LLVM: wasm[0]::function[1025]::sqlite3WindowAssemble: 192 bytes
LLVM: wasm[0]::function[1026]::sqlite3WithAdd: 1089 bytes
LLVM: wasm[0]::function[1027]::sqlite3WithDeleteGeneric: 46 bytes
LLVM: wasm[0]::function[1028]::addArgumentToVtab: 332 bytes
LLVM: wasm[0]::function[1029]::sqlite3VtabBeginParse: 406 bytes
LLVM: wasm[0]::function[1030]::sqlite3VtabFinishParse: 766 bytes
LLVM: wasm[0]::function[1031]::sqlite3AlterAddConstraint: 687 bytes
LLVM: wasm[0]::function[1032]::sqlite3AlterSetNotNull: 435 bytes
LLVM: wasm[0]::function[1033]::sqlite3AlterDropConstraint: 438 bytes
LLVM: wasm[0]::function[1034]::sqlite3AlterRenameColumn: 914 bytes
LLVM: wasm[0]::function[1035]::sqlite3AlterDropColumn: 2047 bytes
LLVM: wasm[0]::function[1036]::sqlite3AlterBeginAddColumn: 963 bytes
LLVM: wasm[0]::function[1037]::sqlite3AlterFinishAddColumn: 1575 bytes
LLVM: wasm[0]::function[1038]::sqlite3AlterRenameTable: 1381 bytes
LLVM: wasm[0]::function[1039]::sqlite3Analyze: 609 bytes
LLVM: wasm[0]::function[1040]::sqlite3Reindex: 1448 bytes
LLVM: wasm[0]::function[1041]::codeAttach: 762 bytes
LLVM: wasm[0]::function[1042]::sqlite3DropTrigger: 534 bytes
LLVM: wasm[0]::function[1043]::sqlite3TriggerSelectStep: 224 bytes
LLVM: wasm[0]::function[1044]::sqlite3TriggerDeleteStep: 203 bytes
LLVM: wasm[0]::function[1045]::sqlite3TriggerInsertStep: 298 bytes
LLVM: wasm[0]::function[1046]::sqlite3TriggerUpdateStep: 575 bytes
LLVM: wasm[0]::function[1047]::sqlite3BeginTrigger: 1984 bytes
LLVM: wasm[0]::function[1048]::sqlite3FinishTrigger: 1273 bytes
LLVM: wasm[0]::function[1049]::sqlite3Pragma: 50240 bytes
LLVM: wasm[0]::function[1050]::sqlite3Vacuum: 451 bytes
LLVM: wasm[0]::function[1051]::sqlite3DropIndex: 843 bytes
LLVM: wasm[0]::function[1052]::parserAddExprIdListTerm: 499 bytes
LLVM: wasm[0]::function[1053]::sqlite3SrcListAppend: 582 bytes
LLVM: wasm[0]::function[1054]::sqlite3CreateIndex: 10961 bytes
LLVM: wasm[0]::function[1055]::sqlite3PExprAddSelect: 111 bytes
LLVM: wasm[0]::function[1056]::sqlite3ExprUnmapAndDelete: 224 bytes
LLVM: wasm[0]::function[1057]::sqlite3SelectWalkFail: 56 bytes
LLVM: wasm[0]::function[1058]::exprNodeIsConstant: 508 bytes
LLVM: wasm[0]::function[1059]::sqlite3ExprListToValues: 456 bytes
LLVM: wasm[0]::function[1060]::parserDoubleLinkSelect: 332 bytes
LLVM: wasm[0]::function[1061]::sqlite3PExprIs: 148 bytes
LLVM: wasm[0]::function[1062]::sqlite3PExprIsNull: 200 bytes
LLVM: wasm[0]::function[1063]::sqlite3WindowAttach: 129 bytes
LLVM: wasm[0]::function[1064]::sqlite3ExprAddFunctionOrderBy: 327 bytes
LLVM: wasm[0]::function[1065]::sqlite3ExprAttachSubtrees: 120 bytes
LLVM: wasm[0]::function[1066]::sqlite3AddReturning: 480 bytes
LLVM: wasm[0]::function[1067]::sqlite3UpsertNew: 286 bytes
LLVM: wasm[0]::function[1068]::sqlite3Insert: 17280 bytes
LLVM: wasm[0]::function[1069]::sqlite3ExprListAppendVector: 614 bytes
LLVM: wasm[0]::function[1070]::sqlite3SrcListAppendList: 294 bytes
LLVM: wasm[0]::function[1071]::sqlite3Update: 14245 bytes
LLVM: wasm[0]::function[1072]::sqlite3DeleteFrom: 5948 bytes
LLVM: wasm[0]::function[1073]::sqlite3JoinType: 2338 bytes
LLVM: wasm[0]::function[1074]::sqlite3SrcListShiftJoinType: 229 bytes
LLVM: wasm[0]::function[1075]::sqlite3SrcListIndexedBy: 159 bytes
LLVM: wasm[0]::function[1076]::sqlite3DbSpanDup: 445 bytes
LLVM: wasm[0]::function[1077]::exprListIsNoAffinity: 177 bytes
LLVM: wasm[0]::function[1078]::sqlite3MultiValuesEnd: 170 bytes
LLVM: wasm[0]::function[1079]::sqlite3VdbeAddOp3: 144 bytes
LLVM: wasm[0]::function[1080]::sqlite3Select: 35536 bytes
LLVM: wasm[0]::function[1081]::sqlite3ExprCodeTarget: 11224 bytes
LLVM: wasm[0]::function[1082]::attachWithToSelect: 390 bytes
LLVM: wasm[0]::function[1083]::sqlite3DropTable: 4248 bytes
LLVM: wasm[0]::function[1084]::sqlite3CreateView: 901 bytes
LLVM: wasm[0]::function[1085]::sqlite3CreateForeignKey: 2168 bytes
LLVM: wasm[0]::function[1086]::sqlite3AddCheckConstraint: 393 bytes
LLVM: wasm[0]::function[1087]::sqlite3AddPrimaryKey: 1375 bytes
LLVM: wasm[0]::function[1088]::sqlite3AddGenerated: 580 bytes
LLVM: wasm[0]::function[1089]::sqlite3AddCollateType: 324 bytes
LLVM: wasm[0]::function[1090]::sqlite3VdbeAddOp4Int: 141 bytes
LLVM: wasm[0]::function[1091]::sqlite3VdbeAddOp4: 338 bytes
LLVM: wasm[0]::function[1092]::sqlite3VdbeChangeP4: 158 bytes
LLVM: wasm[0]::function[1093]::sqlite3OpenTable: 406 bytes
LLVM: wasm[0]::function[1094]::sqlite3VdbeLoadString: 227 bytes
LLVM: wasm[0]::function[1095]::sqlite3VdbeAddOpList: 875 bytes
LLVM: wasm[0]::function[1096]::sqlite3VdbeGoto: 137 bytes
LLVM: wasm[0]::function[1097]::resolveP2Values: 832 bytes
LLVM: wasm[0]::function[1098]::sqlite3FindDb: 717 bytes
LLVM: wasm[0]::function[1099]::sqlite3CheckObjectName: 1099 bytes
LLVM: wasm[0]::function[1100]::sqlite3OpenTempDatabase: 323 bytes
LLVM: wasm[0]::function[1101]::sqlite3ForceNotReadOnly: 306 bytes
LLVM: wasm[0]::function[1102]::sqlite3FindIndex: 760 bytes
LLVM: wasm[0]::function[1103]::lockTable: 269 bytes
LLVM: wasm[0]::function[1104]::sqlite3ShadowTableName: 879 bytes
LLVM: wasm[0]::function[1105]::isDupColumn: 213 bytes
LLVM: wasm[0]::function[1106]::resizeIndexObject: 528 bytes
LLVM: wasm[0]::function[1107]::sqlite3ColumnColl: 126 bytes
LLVM: wasm[0]::function[1108]::sqlite3ResolveSelfReference: 523 bytes
LLVM: wasm[0]::function[1109]::sqlite3ColumnSetExpr: 211 bytes
LLVM: wasm[0]::function[1110]::sqlite3VdbeEndCoroutine: 174 bytes
LLVM: wasm[0]::function[1111]::sqlite3TableAffinity: 1539 bytes
LLVM: wasm[0]::function[1112]::createTableStmt: 1236 bytes
LLVM: wasm[0]::function[1113]::sqlite3NestedParse: 1039 bytes
LLVM: wasm[0]::function[1114]::sqlite3VdbeAddParseSchemaOp: 650 bytes
LLVM: wasm[0]::function[1115]::sqlite3RenameExprUnmap: 183 bytes
LLVM: wasm[0]::function[1116]::sqlite3HasExplicitNulls: 184 bytes
LLVM: wasm[0]::function[1117]::fixSelectCb: 989 bytes
LLVM: wasm[0]::function[1118]::fixExprCb: 182 bytes
LLVM: wasm[0]::function[1119]::sqlite3CodeVerifySchema: 94 bytes
LLVM: wasm[0]::function[1120]::sqlite3RefillIndex: 2944 bytes
LLVM: wasm[0]::function[1121]::sqlite3ExprListSetName: 283 bytes
LLVM: wasm[0]::function[1122]::sqlite3LocateCollSeq: 156 bytes
LLVM: wasm[0]::function[1123]::sqlite3CodeVerifyNamedSchema: 492 bytes
LLVM: wasm[0]::function[1124]::sqlite3ReadOnlyShadowTables: 100 bytes
LLVM: wasm[0]::function[1125]::sqlite3CodeDropTable: 1495 bytes
LLVM: wasm[0]::function[1126]::sqlite3HaltConstraint: 246 bytes
LLVM: wasm[0]::function[1127]::sqlite3VdbeResolveLabel: 97 bytes
LLVM: wasm[0]::function[1128]::sqlite3TwoPartName: 232 bytes
LLVM: wasm[0]::function[1129]::sqlite3RenameExprlistUnmap: 269 bytes
LLVM: wasm[0]::function[1130]::sqlite3ExprListDeleteGeneric: 50 bytes
LLVM: wasm[0]::function[1131]::sqlite3ParserAddCleanup: 383 bytes
LLVM: wasm[0]::function[1132]::sameSrcAlias: 246 bytes
LLVM: wasm[0]::function[1133]::sqlite3GenerateColumnNames: 1927 bytes
LLVM: wasm[0]::function[1134]::agginfoPersistExprCb: 330 bytes
LLVM: wasm[0]::function[1135]::disallowAggregatesInOrderByCb: 131 bytes
LLVM: wasm[0]::function[1136]::exprListAppendList: 705 bytes
LLVM: wasm[0]::function[1137]::selectWindowRewriteEList: 206 bytes
LLVM: wasm[0]::function[1138]::sqlite3WindowExtraAggFuncDepth: 77 bytes
LLVM: wasm[0]::function[1139]::sqlite3WalkerDepthIncrease: 56 bytes
LLVM: wasm[0]::function[1140]::sqlite3WalkerDepthDecrease: 54 bytes
LLVM: wasm[0]::function[1141]::sqlite3ExprImpliesNonNullRow: 365 bytes
LLVM: wasm[0]::function[1142]::unsetJoinExpr: 907 bytes
LLVM: wasm[0]::function[1143]::existsToJoin: 685 bytes
LLVM: wasm[0]::function[1144]::findConstInWhere: 441 bytes
LLVM: wasm[0]::function[1145]::propagateConstantExprRewrite: 920 bytes
LLVM: wasm[0]::function[1146]::pushDownWhereTerms: 1356 bytes
LLVM: wasm[0]::function[1147]::sqlite3VdbeExplain: 209 bytes
LLVM: wasm[0]::function[1148]::sqlite3KeyInfoAlloc: 434 bytes
LLVM: wasm[0]::function[1149]::computeLimitRegisters: 1169 bytes
LLVM: wasm[0]::function[1150]::sqlite3KeyInfoFromExprList: 348 bytes
LLVM: wasm[0]::function[1151]::sqlite3WindowCodeInit: 893 bytes
LLVM: wasm[0]::function[1152]::sqlite3WhereBegin: 26144 bytes
LLVM: wasm[0]::function[1153]::sqlite3WindowCodeStep: 4529 bytes
LLVM: wasm[0]::function[1154]::selectInnerLoop: 5544 bytes
LLVM: wasm[0]::function[1155]::sqlite3WhereEnd: 4818 bytes
LLVM: wasm[0]::function[1156]::agginfoFree: 1258 bytes
LLVM: wasm[0]::function[1157]::analyzeAggregate: 1536 bytes
LLVM: wasm[0]::function[1158]::havingToWhereExprCb: 539 bytes
LLVM: wasm[0]::function[1159]::analyzeAggFuncArgs: 546 bytes
LLVM: wasm[0]::function[1160]::sqlite3TableLock: 104 bytes
LLVM: wasm[0]::function[1161]::sqlite3KeyInfoOfIndex: 993 bytes
LLVM: wasm[0]::function[1162]::explainSimpleCount: 196 bytes
LLVM: wasm[0]::function[1163]::resetAccumulator: 1130 bytes
LLVM: wasm[0]::function[1164]::updateAccumulator: 2917 bytes
LLVM: wasm[0]::function[1165]::fixDistinctOpenEph: 239 bytes
LLVM: wasm[0]::function[1166]::sqlite3WhereMinMaxOptEarlyOut: 197 bytes
LLVM: wasm[0]::function[1167]::finalizeAggFunctions: 1547 bytes
LLVM: wasm[0]::function[1168]::sqlite3ExprIfFalse: 2408 bytes
LLVM: wasm[0]::function[1169]::sqlite3ExprNullRegisterRange: 235 bytes
LLVM: wasm[0]::function[1170]::optimizeAggregateUseOfIndexedExpr: 137 bytes
LLVM: wasm[0]::function[1171]::sqlite3GetTempRange: 127 bytes
LLVM: wasm[0]::function[1172]::sqlite3ExprCodeExprList: 765 bytes
LLVM: wasm[0]::function[1173]::aggregateConvertIndexedExprRefToColumn: 218 bytes
LLVM: wasm[0]::function[1174]::sqlite3VdbeChangeToNoop: 108 bytes
LLVM: wasm[0]::function[1175]::sqlite3ExprToRegister: 102 bytes
LLVM: wasm[0]::function[1176]::resizeResolveLabel: 256 bytes
LLVM: wasm[0]::function[1177]::compoundHasDifferentAffinities: 700 bytes
LLVM: wasm[0]::function[1178]::renumberCursors: 194 bytes
LLVM: wasm[0]::function[1179]::sqlite3DeleteTableGeneric: 46 bytes
LLVM: wasm[0]::function[1180]::sqlite3SrcListEnlarge: 669 bytes
LLVM: wasm[0]::function[1181]::substSelect: 393 bytes
LLVM: wasm[0]::function[1182]::recomputeColumnsUsed: 158 bytes
LLVM: wasm[0]::function[1183]::multiSelectValues: 726 bytes
LLVM: wasm[0]::function[1184]::multiSelectByMergeKeyInfo: 793 bytes
LLVM: wasm[0]::function[1185]::multiSelectCollSeq: 149 bytes
LLVM: wasm[0]::function[1186]::sqlite3LogEst: 258 bytes
LLVM: wasm[0]::function[1187]::sqlite3SelectDeleteGeneric: 56 bytes
LLVM: wasm[0]::function[1188]::multiSelectByMerge: 3277 bytes
LLVM: wasm[0]::function[1189]::sqlite3ClearOnOrUsing: 81 bytes
LLVM: wasm[0]::function[1190]::exprNodeIsConstantFunction: 307 bytes
LLVM: wasm[0]::function[1191]::exprListIsConstant: 257 bytes
LLVM: wasm[0]::function[1192]::sqlite3IndexedExprLookup: 644 bytes
LLVM: wasm[0]::function[1193]::exprCodeVector: 303 bytes
LLVM: wasm[0]::function[1194]::setDoNotMergeFlagOnCopy: 110 bytes
LLVM: wasm[0]::function[1195]::sqlite3ExprCodeTemp: 468 bytes
LLVM: wasm[0]::function[1196]::exprCodeBetween: 680 bytes
LLVM: wasm[0]::function[1197]::sqlite3ExprCodeIN: 6752 bytes
LLVM: wasm[0]::function[1198]::sqlite3CodeSubselect: 1060 bytes
LLVM: wasm[0]::function[1199]::sqlite3ExprCodeRunJustOnce: 875 bytes
LLVM: wasm[0]::function[1200]::sqlite3ExprImpliesExpr: 357 bytes
LLVM: wasm[0]::function[1201]::sqlite3VdbeAddFunctionCall: 746 bytes
LLVM: wasm[0]::function[1202]::codeInteger: 507 bytes
LLVM: wasm[0]::function[1203]::codeReal: 187 bytes
LLVM: wasm[0]::function[1204]::exprComputeOperands: 363 bytes
LLVM: wasm[0]::function[1205]::exprCodeTargetAndOr: 605 bytes
LLVM: wasm[0]::function[1206]::codeVectorCompare: 1378 bytes
LLVM: wasm[0]::function[1207]::codeCompare: 539 bytes
LLVM: wasm[0]::function[1208]::sqlite3VdbeAddOp4Dup8: 559 bytes
LLVM: wasm[0]::function[1209]::sqlite3ExprCodeGeneratedColumn: 483 bytes
LLVM: wasm[0]::function[1210]::exprPartidxExprLookup: 335 bytes
LLVM: wasm[0]::function[1211]::sqlite3ExprCodeGetColumnOfTable: 1076 bytes
LLVM: wasm[0]::function[1212]::triggersReallyExist: 780 bytes
LLVM: wasm[0]::function[1213]::sqlite3IsReadOnly: 367 bytes
LLVM: wasm[0]::function[1214]::sqlite3MaterializeView: 465 bytes
LLVM: wasm[0]::function[1215]::sqlite3VdbeSetP4KeyInfo: 147 bytes
LLVM: wasm[0]::function[1216]::computeIndexAffStr: 1501 bytes
LLVM: wasm[0]::function[1217]::sqlite3OpenTableAndIndices: 1267 bytes
LLVM: wasm[0]::function[1218]::sqlite3VtabMakeWritable: 198 bytes
LLVM: wasm[0]::function[1219]::sqlite3GenerateRowDelete: 1832 bytes
LLVM: wasm[0]::function[1220]::autoIncrementEnd: 459 bytes
LLVM: wasm[0]::function[1221]::sqlite3CodeChangeCount: 146 bytes
LLVM: wasm[0]::function[1222]::sqlite3DeleteReturning: 136 bytes
LLVM: wasm[0]::function[1223]::sqlite3ExprReferencesUpdatedColumn: 189 bytes
LLVM: wasm[0]::function[1224]::sqlite3FkRequired: 492 bytes
LLVM: wasm[0]::function[1225]::checkConstraintExprNode: 95 bytes
LLVM: wasm[0]::function[1226]::updateVirtualTable: 2264 bytes
LLVM: wasm[0]::function[1227]::sqlite3VdbeAppendP4: 101 bytes
LLVM: wasm[0]::function[1228]::updateFromSelect: 1063 bytes
LLVM: wasm[0]::function[1229]::sqlite3FkOldmask: 428 bytes
LLVM: wasm[0]::function[1230]::sqlite3TriggerColmask: 258 bytes
LLVM: wasm[0]::function[1231]::checkColumnOverlap: 184 bytes
LLVM: wasm[0]::function[1232]::getRowTrigger: 141 bytes
LLVM: wasm[0]::function[1233]::sqlite3ComputeGeneratedColumns: 1990 bytes
LLVM: wasm[0]::function[1234]::sqlite3CodeRowTrigger: 438 bytes
LLVM: wasm[0]::function[1235]::sqlite3GenerateConstraintChecks: 10752 bytes
LLVM: wasm[0]::function[1236]::sqlite3FkCheck: 2082 bytes
LLVM: wasm[0]::function[1237]::sqlite3GenerateRowIndexDelete: 1044 bytes
LLVM: wasm[0]::function[1238]::sqlite3CompleteInsertion: 1203 bytes
LLVM: wasm[0]::function[1239]::sqlite3FkActions: 243 bytes
LLVM: wasm[0]::function[1240]::sqlite3ExprForVectorField: 223 bytes
LLVM: wasm[0]::function[1241]::xferCompatibleIndex: 429 bytes
LLVM: wasm[0]::function[1242]::autoIncBegin: 370 bytes
LLVM: wasm[0]::function[1243]::sqlite3RowidConstraint: 239 bytes
LLVM: wasm[0]::function[1244]::codeWithoutRowidPreupdate: 269 bytes
LLVM: wasm[0]::function[1245]::sqlite3UpsertAnalyzeTarget: 1219 bytes
LLVM: wasm[0]::function[1246]::sqlite3ExprCodeFactorable: 230 bytes
LLVM: wasm[0]::function[1247]::renameUnmapSelectCb: 469 bytes
LLVM: wasm[0]::function[1248]::renameUnmapExprCb: 142 bytes
LLVM: wasm[0]::function[1249]::sqlite3BeginWriteOperation: 138 bytes
LLVM: wasm[0]::function[1250]::sqlite3ClearStatTables: 660 bytes
LLVM: wasm[0]::function[1251]::sqlite3ChangeCookie: 159 bytes
LLVM: wasm[0]::function[1252]::destroyRootPage: 514 bytes
LLVM: wasm[0]::function[1253]::sqlite3VdbeSetNumCols: 670 bytes
LLVM: wasm[0]::function[1254]::sqlite3VdbeSetColName: 921 bytes
LLVM: wasm[0]::function[1255]::returnSingleText: 101 bytes
LLVM: wasm[0]::function[1256]::growOpArray: 370 bytes
LLVM: wasm[0]::function[1257]::returnSingleInt: 116 bytes
LLVM: wasm[0]::function[1258]::getLockingMode: 181 bytes
LLVM: wasm[0]::function[1259]::getAutoVacuum: 359 bytes
LLVM: wasm[0]::function[1260]::setAllPagerFlags: 191 bytes
LLVM: wasm[0]::function[1261]::changeTempStorage: 114 bytes
LLVM: wasm[0]::function[1262]::sqlite3VdbeMultiLoad: 697 bytes
LLVM: wasm[0]::function[1263]::sqlite3_soft_heap_limit64: 140 bytes
LLVM: wasm[0]::function[1264]::sqliteDefaultBusyCallback: 242 bytes
LLVM: wasm[0]::function[1265]::sqlite3WalDefaultHook: 58 bytes
LLVM: wasm[0]::function[1266]::integrityCheckResultRow: 396 bytes
LLVM: wasm[0]::function[1267]::sqlite3ExprCodeLoadIndexColumn: 256 bytes
LLVM: wasm[0]::function[1268]::sqlite3ColumnDefault: 487 bytes
LLVM: wasm[0]::function[1269]::sqlite3ExprIfTrue: 2440 bytes
LLVM: wasm[0]::function[1270]::sqlite3GenerateIndexKey: 1076 bytes
LLVM: wasm[0]::function[1271]::sqlite3RegisterLikeFunctions: 307 bytes
LLVM: wasm[0]::function[1272]::sqlite3FkLocateIndex: 1053 bytes
LLVM: wasm[0]::function[1273]::pragmaFunclistLine: 541 bytes
LLVM: wasm[0]::function[1274]::sqlite3FixTriggerStep: 495 bytes
LLVM: wasm[0]::function[1275]::sqlite3SrcListLookup: 221 bytes
LLVM: wasm[0]::function[1276]::triggerStepAllocate: 433 bytes
LLVM: wasm[0]::function[1277]::triggerSpanDup: 120 bytes
LLVM: wasm[0]::function[1278]::sqlite3DbIsNamed: 198 bytes
LLVM: wasm[0]::function[1279]::sqlite3DropTriggerPtr: 511 bytes
LLVM: wasm[0]::function[1280]::sqlite3BtreeOpen: 9532 bytes
LLVM: wasm[0]::function[1281]::analyzeDatabase: 271 bytes
LLVM: wasm[0]::function[1282]::analyzeTable: 317 bytes
LLVM: wasm[0]::function[1283]::sqlite3IsShadowTableOf: 801 bytes
LLVM: wasm[0]::function[1284]::isAlterableTable: 215 bytes
LLVM: wasm[0]::function[1285]::renameReloadSchema: 166 bytes
LLVM: wasm[0]::function[1286]::renameTestSchema: 219 bytes
LLVM: wasm[0]::function[1287]::isRealTable: 174 bytes
LLVM: wasm[0]::function[1288]::renameFixQuotes: 142 bytes
LLVM: wasm[0]::function[1289]::alterFindTable: 331 bytes
LLVM: wasm[0]::function[1290]::alterFindCol: 358 bytes
LLVM: wasm[0]::function[1291]::alterRtrimConstraint: 283 bytes
LLVM: wasm[0]::function[1292]::sqlite3MarkAllShadowTablesOf: 841 bytes
LLVM: wasm[0]::function[1293]::sqlite3WithPush: 329 bytes
LLVM: wasm[0]::function[1294]::sqlite3WindowOffsetExpr: 344 bytes
LLVM: wasm[0]::function[1295]::unmapColumnIdlistNames: 138 bytes
LLVM: wasm[0]::function[1296]::sqlite3ExprCodeCopy: 165 bytes
LLVM: wasm[0]::function[1297]::strrchr: 250 bytes
LLVM: wasm[0]::function[1298]::openStatTable: 1429 bytes
LLVM: wasm[0]::function[1299]::analyzeOneTable: 3365 bytes
LLVM: wasm[0]::function[1300]::loadAnalysis: 82 bytes
LLVM: wasm[0]::function[1301]::statGet: 705 bytes
LLVM: wasm[0]::function[1302]::statPush: 592 bytes
LLVM: wasm[0]::function[1303]::statInit: 1032 bytes
LLVM: wasm[0]::function[1304]::statAccumDestructor: 435 bytes
LLVM: wasm[0]::function[1305]::pagerStress: 308 bytes
LLVM: wasm[0]::function[1306]::pageReinit: 81 bytes
LLVM: wasm[0]::function[1307]::btreeInvokeBusyHandler: 235 bytes
LLVM: wasm[0]::function[1308]::sqlite3UniqueConstraint: 1695 bytes
LLVM: wasm[0]::function[1309]::sqlite3ExprIfFalseDup: 171 bytes
LLVM: wasm[0]::function[1310]::sqlite3ExprSimplifiedAndOr: 217 bytes
LLVM: wasm[0]::function[1311]::sqlite3BinaryCompareCollSeq: 130 bytes
LLVM: wasm[0]::function[1312]::sqlite3VectorErrorMsg: 158 bytes
LLVM: wasm[0]::function[1313]::exprINAffinity: 772 bytes
LLVM: wasm[0]::function[1314]::sqlite3FindInIndex: 2902 bytes
LLVM: wasm[0]::function[1315]::sqlite3CompareAffinity: 108 bytes
LLVM: wasm[0]::function[1316]::sqlite3VectorFieldSubexpr: 150 bytes
LLVM: wasm[0]::function[1317]::sqlite3SetHasNullFlag: 460 bytes
LLVM: wasm[0]::function[1318]::sqlite3CodeRhsOfIN: 3545 bytes
LLVM: wasm[0]::function[1319]::detachFunc: 549 bytes
LLVM: wasm[0]::function[1320]::attachFunc: 2188 bytes
LLVM: wasm[0]::function[1321]::sqlite3SchemaGet: 390 bytes
LLVM: wasm[0]::function[1322]::sqlite3ParseUri: 2026 bytes
LLVM: wasm[0]::function[1323]::sqlite3PagerSetFlags: 172 bytes
LLVM: wasm[0]::function[1324]::sqlite3_free_filename: 376 bytes
LLVM: wasm[0]::function[1325]::getTempStore: 215 bytes
LLVM: wasm[0]::function[1326]::invalidateTempStorage: 168 bytes
LLVM: wasm[0]::function[1327]::sqlite3SafetyCheckSickOrOk: 138 bytes
LLVM: wasm[0]::function[1328]::sqlite3Prepare: 1918 bytes
LLVM: wasm[0]::function[1329]::invokeProfileCallback: 437 bytes
LLVM: wasm[0]::function[1330]::sqlite3LeaveMutexAndCloseZombie: 3847 bytes
LLVM: wasm[0]::function[1331]::sqlite3_wal_checkpoint_v2: 327 bytes
LLVM: wasm[0]::function[1332]::sqlite3Checkpoint: 403 bytes
LLVM: wasm[0]::function[1333]::sqlite3BtreeCheckpoint: 109 bytes
LLVM: wasm[0]::function[1334]::sqlite3PagerCheckpoint: 237 bytes
LLVM: wasm[0]::function[1335]::sqlite3VdbeList: 1100 bytes
LLVM: wasm[0]::function[1336]::sqlite3VdbeExec: 111272 bytes
LLVM: wasm[0]::function[1337]::sqlite3Reprepare: 958 bytes
LLVM: wasm[0]::function[1338]::sqlite3_column_name: 316 bytes
LLVM: wasm[0]::function[1339]::sqlite3VdbeNextOpcode: 851 bytes
LLVM: wasm[0]::function[1340]::sqlite3VdbeDisplayP4: 1420 bytes
LLVM: wasm[0]::function[1341]::sqlite3VdbeEnter: 179 bytes
LLVM: wasm[0]::function[1342]::sqlite3VdbeLogAbort: 301 bytes
LLVM: wasm[0]::function[1343]::out2PrereleaseWithClear: 78 bytes
LLVM: wasm[0]::function[1344]::computeNumericType: 280 bytes
LLVM: wasm[0]::function[1345]::sqlite3VdbeBooleanValue: 101 bytes
LLVM: wasm[0]::function[1346]::sqlite3VdbeIntValue: 176 bytes
LLVM: wasm[0]::function[1347]::sqlite3VdbeHandleMovedCursor: 128 bytes
LLVM: wasm[0]::function[1348]::sqlite3VdbeFinishMoveto: 4014 bytes
LLVM: wasm[0]::function[1349]::sqlite3VdbeValueListFree: 46 bytes
LLVM: wasm[0]::function[1350]::allocateCursor: 1855 bytes
LLVM: wasm[0]::function[1351]::sqlite3VtabCallDestroy: 539 bytes
LLVM: wasm[0]::function[1352]::sqlite3VtabCallCreate: 439 bytes
LLVM: wasm[0]::function[1353]::querySharedCacheTableLock: 160 bytes
LLVM: wasm[0]::function[1354]::setSharedCacheTableLock: 194 bytes
LLVM: wasm[0]::function[1355]::sqlite3BtreeIncrVacuum: 461 bytes
LLVM: wasm[0]::function[1356]::sqlite3RunVacuum: 3242 bytes
LLVM: wasm[0]::function[1357]::sqlite3PagerCloseWal: 476 bytes
LLVM: wasm[0]::function[1358]::sqlite3PagerSetJournalMode: 821 bytes
LLVM: wasm[0]::function[1359]::sqlite3BtreeSetVersion: 266 bytes
LLVM: wasm[0]::function[1360]::sqlite3VdbeMemAggValue: 306 bytes
LLVM: wasm[0]::function[1361]::sqlite3VdbeFrameMemDel: 67 bytes
LLVM: wasm[0]::function[1362]::sqlite3VdbeMemSetRowSet: 401 bytes
LLVM: wasm[0]::function[1363]::sqlite3RowSetTest: 476 bytes
LLVM: wasm[0]::function[1364]::sqlite3RowSetInsert: 333 bytes
LLVM: wasm[0]::function[1365]::rowSetEntrySort: 559 bytes
LLVM: wasm[0]::function[1366]::sqlite3RowSetDelete: 1357 bytes
LLVM: wasm[0]::function[1367]::sqlite3VdbeFindIndexKey: 2736 bytes
LLVM: wasm[0]::function[1368]::sqlite3BtreeIntegrityCheck: 2048 bytes
LLVM: wasm[0]::function[1369]::sqlite3UnlinkAndDeleteTrigger: 249 bytes
LLVM: wasm[0]::function[1370]::sqlite3UnlinkAndDeleteIndex: 190 bytes
LLVM: wasm[0]::function[1371]::sqlite3BtreeCreateTable: 1449 bytes
LLVM: wasm[0]::function[1372]::sqlite3BtreeClearTable: 275 bytes
LLVM: wasm[0]::function[1373]::clearDatabasePage: 1396 bytes
LLVM: wasm[0]::function[1374]::freePage2: 2769 bytes
LLVM: wasm[0]::function[1375]::sqlite3BtreeUpdateMeta: 151 bytes
LLVM: wasm[0]::function[1376]::sqlite3RootPageMoved: 150 bytes
LLVM: wasm[0]::function[1377]::sqlite3VdbeMemFromBtree: 367 bytes
LLVM: wasm[0]::function[1378]::sqlite3GetVarint32: 220 bytes
LLVM: wasm[0]::function[1379]::serialGet7: 114 bytes
LLVM: wasm[0]::function[1380]::sqlite3BtreeIndexMoveto: 14932 bytes
LLVM: wasm[0]::function[1381]::sqlite3BtreeDelete: 7332 bytes
LLVM: wasm[0]::function[1382]::vdbeSorterListToPMA: 866 bytes
LLVM: wasm[0]::function[1383]::moveToRoot: 1545 bytes
LLVM: wasm[0]::function[1384]::btreeOverwriteContent: 395 bytes
LLVM: wasm[0]::function[1385]::btreeNext: 2101 bytes
LLVM: wasm[0]::function[1386]::moveToLeftmost: 947 bytes
LLVM: wasm[0]::function[1387]::moveToChild: 787 bytes
LLVM: wasm[0]::function[1388]::btreeMoveto: 803 bytes
LLVM: wasm[0]::function[1389]::btreeOverwriteCell: 267 bytes
LLVM: wasm[0]::function[1390]::btreeOverwriteOverflowCell: 802 bytes
LLVM: wasm[0]::function[1391]::btreeComputeFreeSpace: 587 bytes
LLVM: wasm[0]::function[1392]::putVarint64: 494 bytes
LLVM: wasm[0]::function[1393]::sqlite3PutVarint: 108 bytes
LLVM: wasm[0]::function[1394]::clearCellOverflow: 940 bytes
LLVM: wasm[0]::function[1395]::dropCell: 1316 bytes
LLVM: wasm[0]::function[1396]::defragmentPage: 1891 bytes
LLVM: wasm[0]::function[1397]::balance: 31547 bytes
LLVM: wasm[0]::function[1398]::sqlite3BtreePrevious: 103 bytes
LLVM: wasm[0]::function[1399]::vdbeMergeEngineStep: 765 bytes
LLVM: wasm[0]::function[1400]::vdbeSorterSort: 1526 bytes
LLVM: wasm[0]::function[1401]::vdbeSorterSetupMerge: 191 bytes
LLVM: wasm[0]::function[1402]::sqlite3BtreeFirst: 2544 bytes
LLVM: wasm[0]::function[1403]::sqlite3BtreeRowCountEst: 133 bytes
LLVM: wasm[0]::function[1404]::btreeLast: 2555 bytes
LLVM: wasm[0]::function[1405]::sqlite3VdbeAllocUnpackedRecord: 127 bytes
LLVM: wasm[0]::function[1406]::sqlite3VdbeRecordUnpack: 1160 bytes
LLVM: wasm[0]::function[1407]::sqlite3VdbeRecordCompare: 3312 bytes
LLVM: wasm[0]::function[1408]::sqlite3VdbePreUpdateHook: 1057 bytes
LLVM: wasm[0]::function[1409]::sqlite3BtreeTableMoveto: 3934 bytes
LLVM: wasm[0]::function[1410]::sqlite3VdbeIdxKeyCompare: 333 bytes
LLVM: wasm[0]::function[1411]::sqlite3BtreeNext: 999 bytes
LLVM: wasm[0]::function[1412]::pagerOpenSavepoint: 1193 bytes
LLVM: wasm[0]::function[1413]::btreeCursor: 343 bytes
LLVM: wasm[0]::function[1414]::allocateTempSpace: 172 bytes
LLVM: wasm[0]::function[1415]::vdbeExecOpenDup: 570 bytes
LLVM: wasm[0]::function[1416]::sqlite3VdbeMemFromBtreeZeroOffset: 138 bytes
LLVM: wasm[0]::function[1417]::sqlite3VdbeSerialGet: 540 bytes
LLVM: wasm[0]::function[1418]::vdbeColumnFromOverflow: 1129 bytes
LLVM: wasm[0]::function[1419]::sqlite3_column_text: 266 bytes
LLVM: wasm[0]::function[1420]::btreeRestoreCursorPosition: 347 bytes
LLVM: wasm[0]::function[1421]::hasHotJournal: 1235 bytes
LLVM: wasm[0]::function[1422]::pagerOpenWalIfPresent: 459 bytes
LLVM: wasm[0]::function[1423]::pagerBeginReadTransaction: 230 bytes
LLVM: wasm[0]::function[1424]::pagerPagecount: 358 bytes
LLVM: wasm[0]::function[1425]::sqlite3PagerOpenWal: 308 bytes
LLVM: wasm[0]::function[1426]::sqlite3WalBeginWriteTransaction: 426 bytes
LLVM: wasm[0]::function[1427]::sqlite3BtreeBeginTrans: 165 bytes
LLVM: wasm[0]::function[1428]::vdbeRecordCompareInt: 3876 bytes
LLVM: wasm[0]::function[1429]::vdbeRecordCompareString: 481 bytes
LLVM: wasm[0]::function[1430]::sqlite3VdbeRecordCompareWithSkip: 3568 bytes
LLVM: wasm[0]::function[1431]::getAndInitPage: 477 bytes
LLVM: wasm[0]::function[1432]::btreePrevious: 1517 bytes
LLVM: wasm[0]::function[1433]::vdbeFreeUnpacked: 162 bytes
LLVM: wasm[0]::function[1434]::insertCell: 1342 bytes
LLVM: wasm[0]::function[1435]::vdbeSorterCompareInt: 477 bytes
LLVM: wasm[0]::function[1436]::vdbeSorterCompareText: 594 bytes
LLVM: wasm[0]::function[1437]::vdbeSorterCompare: 4432 bytes
LLVM: wasm[0]::function[1438]::vdbeSorterOpenTempFile: 416 bytes
LLVM: wasm[0]::function[1439]::vdbePmaWriteVarint: 119 bytes
LLVM: wasm[0]::function[1440]::vdbePmaWriteBlob: 496 bytes
LLVM: wasm[0]::function[1441]::vdbePmaWriterFinish: 413 bytes
LLVM: wasm[0]::function[1442]::vdbeSorterMergeTreeBuild: 9601 bytes
LLVM: wasm[0]::function[1443]::vdbeMergeEngineInit: 199 bytes
LLVM: wasm[0]::function[1444]::vdbePmaReaderNext: 330 bytes
LLVM: wasm[0]::function[1445]::pageFindSlot: 499 bytes
LLVM: wasm[0]::function[1446]::rebuildPage: 727 bytes
LLVM: wasm[0]::function[1447]::computeCellSize: 205 bytes
LLVM: wasm[0]::function[1448]::pageFreeArray: 3275 bytes
LLVM: wasm[0]::function[1449]::copyNodeContent: 377 bytes
LLVM: wasm[0]::function[1450]::vdbeSkipField: 118 bytes
LLVM: wasm[0]::function[1451]::btreePageLookup: 349 bytes
LLVM: wasm[0]::function[1452]::corruptSchema: 517 bytes
LLVM: wasm[0]::function[1453]::analysisLoader: 534 bytes
LLVM: wasm[0]::function[1454]::checkList: 1349 bytes
LLVM: wasm[0]::function[1455]::checkAppendMsg: 330 bytes
LLVM: wasm[0]::function[1456]::checkPtrmap: 303 bytes
LLVM: wasm[0]::function[1457]::checkTreePage: 3798 bytes
LLVM: wasm[0]::function[1458]::rowSetTreeToList: 211 bytes
LLVM: wasm[0]::function[1459]::rowSetEntryMerge: 151 bytes
LLVM: wasm[0]::function[1460]::rowSetEntryAlloc: 252 bytes
LLVM: wasm[0]::function[1461]::rowSetListToTree: 219 bytes
LLVM: wasm[0]::function[1462]::pagerOpenWal: 150 bytes
LLVM: wasm[0]::function[1463]::pagerExclusiveLock: 107 bytes
LLVM: wasm[0]::function[1464]::sqlite3PagerSharedLock: 1339 bytes
LLVM: wasm[0]::function[1465]::execSqlF: 177 bytes
LLVM: wasm[0]::function[1466]::sqlite3_uri_int64: 140 bytes
LLVM: wasm[0]::function[1467]::execSql: 642 bytes
LLVM: wasm[0]::function[1468]::sqlite3BtreeGetMeta: 104 bytes
LLVM: wasm[0]::function[1469]::sqlite3BtreeCopyFile: 519 bytes
LLVM: wasm[0]::function[1470]::growVTrans: 185 bytes
LLVM: wasm[0]::function[1471]::findNextHostParameter: 220 bytes
LLVM: wasm[0]::function[1472]::sqlite3VListNameToNum: 194 bytes
LLVM: wasm[0]::function[1473]::sqlite3_backup_step: 4615 bytes
LLVM: wasm[0]::function[1474]::sqlite3_backup_finish: 543 bytes
LLVM: wasm[0]::function[1475]::findBtree: 401 bytes
LLVM: wasm[0]::function[1476]::connectionIsBusy: 111 bytes
LLVM: wasm[0]::function[1477]::sqlite3WalOpen: 960 bytes
LLVM: wasm[0]::function[1478]::rowSetNDeepTree: 174 bytes
LLVM: wasm[0]::function[1479]::checkRef: 226 bytes
LLVM: wasm[0]::function[1480]::checkProgress: 298 bytes
LLVM: wasm[0]::function[1481]::decodeIntArray: 1007 bytes
LLVM: wasm[0]::function[1482]::schemaIsValid: 400 bytes
LLVM: wasm[0]::function[1483]::vdbeIncrPopulate: 636 bytes
LLVM: wasm[0]::function[1484]::vdbePmaReaderSeek: 644 bytes
LLVM: wasm[0]::function[1485]::vdbePmaReadVarint: 354 bytes
LLVM: wasm[0]::function[1486]::vdbePmaReadBlob: 908 bytes
LLVM: wasm[0]::function[1487]::vdbeMergeEngineNew: 254 bytes
LLVM: wasm[0]::function[1488]::vdbeMergeEngineLevel0: 384 bytes
LLVM: wasm[0]::function[1489]::vdbePmaReaderIncrMergeInit: 262 bytes
LLVM: wasm[0]::function[1490]::vdbeMergeEngineCompare: 407 bytes
LLVM: wasm[0]::function[1491]::vdbePmaReaderInit: 204 bytes
LLVM: wasm[0]::function[1492]::sqlite3TriggerList: 250 bytes
LLVM: wasm[0]::function[1493]::sqlite3TriggersExist: 129 bytes
LLVM: wasm[0]::function[1494]::vtabIsReadOnly: 223 bytes
LLVM: wasm[0]::function[1495]::exprColumnFlagUnion: 98 bytes
LLVM: wasm[0]::function[1496]::sqlite3CodeRowTriggerDirect: 254 bytes
LLVM: wasm[0]::function[1497]::codeReturningTrigger: 1021 bytes
LLVM: wasm[0]::function[1498]::sqlite3UpsertDoUpdate: 990 bytes
LLVM: wasm[0]::function[1499]::fkChildIsModified: 175 bytes
LLVM: wasm[0]::function[1500]::fkLookupParent: 1808 bytes
LLVM: wasm[0]::function[1501]::isSetNullAction: 115 bytes
LLVM: wasm[0]::function[1502]::fkParentIsModified: 582 bytes
LLVM: wasm[0]::function[1503]::fkScanChildren: 1859 bytes
LLVM: wasm[0]::function[1504]::exprTableRegister: 324 bytes
LLVM: wasm[0]::function[1505]::sqlite3WhereSplit: 249 bytes
LLVM: wasm[0]::function[1506]::whereClauseInsert: 635 bytes
LLVM: wasm[0]::function[1507]::exprAnalyze: 13965 bytes
LLVM: wasm[0]::function[1508]::sqlite3WhereAddLimit: 488 bytes
LLVM: wasm[0]::function[1509]::exprNodeIsDeterministic: 77 bytes
LLVM: wasm[0]::function[1510]::isDistinctRedundant: 464 bytes
LLVM: wasm[0]::function[1511]::whereScanNext: 1398 bytes
LLVM: wasm[0]::function[1512]::whereScanInitIndexExpr: 95 bytes
LLVM: wasm[0]::function[1513]::whereLoopAddVirtual: 3746 bytes
LLVM: wasm[0]::function[1514]::whereLoopAddBtree: 4120 bytes
LLVM: wasm[0]::function[1515]::whereLoopAddOr: 1918 bytes
LLVM: wasm[0]::function[1516]::whereLoopClearUnion: 1016 bytes
LLVM: wasm[0]::function[1517]::wherePathSolver: 5271 bytes
LLVM: wasm[0]::function[1518]::whereInterstageHeuristic: 195 bytes
LLVM: wasm[0]::function[1519]::whereReverseScanOrder: 158 bytes
LLVM: wasm[0]::function[1520]::whereOmitNoopJoin: 1061 bytes
LLVM: wasm[0]::function[1521]::whereCheckIfBloomFilterIsUseful: 305 bytes
LLVM: wasm[0]::function[1522]::whereAddIndexedExpr: 700 bytes
LLVM: wasm[0]::function[1523]::wherePartIdxExpr: 639 bytes
LLVM: wasm[0]::function[1524]::sqlite3WhereMalloc: 286 bytes
LLVM: wasm[0]::function[1525]::constructAutomaticIndex: 6330 bytes
LLVM: wasm[0]::function[1526]::sqlite3ConstructBloomFilter: 1900 bytes
LLVM: wasm[0]::function[1527]::sqlite3WhereAddExplainText: 1030 bytes
LLVM: wasm[0]::function[1528]::codeEqualityTerm: 232 bytes
LLVM: wasm[0]::function[1529]::codeExprOrVector: 307 bytes
LLVM: wasm[0]::function[1530]::disableTerm: 477 bytes
LLVM: wasm[0]::function[1531]::filterPullDown: 1179 bytes
LLVM: wasm[0]::function[1532]::codeAllEqualityTerms: 1484 bytes
LLVM: wasm[0]::function[1533]::updateRangeAffinityStr: 644 bytes
LLVM: wasm[0]::function[1534]::codeApplyAffinity: 397 bytes
LLVM: wasm[0]::function[1535]::whereApplyPartialIndexConstraints: 249 bytes
LLVM: wasm[0]::function[1536]::sqlite3WhereExplainOneScan: 190 bytes
LLVM: wasm[0]::function[1537]::sqlite3ExprCoveredByIndex: 183 bytes
LLVM: wasm[0]::function[1538]::whereInfoFree: 1363 bytes
LLVM: wasm[0]::function[1539]::sqlite3WhereRightJoinLoop: 1523 bytes
LLVM: wasm[0]::function[1540]::explainIndexRange: 711 bytes
LLVM: wasm[0]::function[1541]::sqlite3WhereClauseClear: 1953 bytes
LLVM: wasm[0]::function[1542]::whereLoopDelete: 541 bytes
LLVM: wasm[0]::function[1543]::explainAppendTerm: 640 bytes
LLVM: wasm[0]::function[1544]::sqlite3WhereExprUsageFull: 1000 bytes
LLVM: wasm[0]::function[1545]::exprSelectUsage: 1614 bytes
LLVM: wasm[0]::function[1546]::exprMightBeIndexed2: 462 bytes
LLVM: wasm[0]::function[1547]::whereCombineDisjuncts: 426 bytes
LLVM: wasm[0]::function[1548]::sqlite3ExprIsLikeOperator: 303 bytes
LLVM: wasm[0]::function[1549]::sqlite3WhereExprUsage: 205 bytes
LLVM: wasm[0]::function[1550]::whereAddLimitExpr: 326 bytes
LLVM: wasm[0]::function[1551]::sqlite3WhereFindTerm: 407 bytes
LLVM: wasm[0]::function[1552]::findIndexCol: 360 bytes
LLVM: wasm[0]::function[1553]::sqlite3ExprCompareSkip: 131 bytes
LLVM: wasm[0]::function[1554]::indexInAffinityOk: 570 bytes
LLVM: wasm[0]::function[1555]::whereLoopAddVirtualOne: 2984 bytes
LLVM: wasm[0]::function[1556]::freeIndexInfo: 610 bytes
LLVM: wasm[0]::function[1557]::termCanDriveIndex: 425 bytes
LLVM: wasm[0]::function[1558]::whereLoopInsert: 2154 bytes
LLVM: wasm[0]::function[1559]::whereUsablePartialIndex: 513 bytes
LLVM: wasm[0]::function[1560]::whereLoopOutputAdjust: 1327 bytes
LLVM: wasm[0]::function[1561]::whereIsCoveringIndex: 295 bytes
LLVM: wasm[0]::function[1562]::exprIdxCover: 144 bytes
LLVM: wasm[0]::function[1563]::whereLoopAddBtreeIndex: 4802 bytes
LLVM: wasm[0]::function[1564]::whereOrInsert: 267 bytes
LLVM: wasm[0]::function[1565]::wherePathSatisfiesOrderBy: 3663 bytes
LLVM: wasm[0]::function[1566]::whereLoopIsNoBetter: 92 bytes
LLVM: wasm[0]::function[1567]::sqlite3WhereExprListUsage: 372 bytes
LLVM: wasm[0]::function[1568]::whereIndexedExprCleanup: 155 bytes
LLVM: wasm[0]::function[1569]::sqlite3ExprCompareCollSeq: 164 bytes
LLVM: wasm[0]::function[1570]::binCollFunc: 78 bytes
LLVM: wasm[0]::function[1571]::sqlite3WhereExplainBloomFilter: 1077 bytes
LLVM: wasm[0]::function[1572]::sqlite3LogEstToInt: 197 bytes
LLVM: wasm[0]::function[1573]::codeINTerm: 2766 bytes
LLVM: wasm[0]::function[1574]::removeUnindexableInClauseTerms: 1015 bytes
LLVM: wasm[0]::function[1575]::adjustOrderByCol: 200 bytes
LLVM: wasm[0]::function[1576]::columnIsGoodIndexCandidate: 160 bytes
LLVM: wasm[0]::function[1577]::whereLoopResize: 268 bytes
LLVM: wasm[0]::function[1578]::wherePathMatchSubqueryOB: 539 bytes
LLVM: wasm[0]::function[1579]::whereLoopCheaperProperSubset: 344 bytes
LLVM: wasm[0]::function[1580]::exprNodePatternLengthEst: 260 bytes
LLVM: wasm[0]::function[1581]::whereIsCoveringIndexWalkCallback: 380 bytes
LLVM: wasm[0]::function[1582]::estLog: 314 bytes
LLVM: wasm[0]::function[1583]::exprImpliesNotNull: 868 bytes
LLVM: wasm[0]::function[1584]::sqlite3ExprIsIIF: 250 bytes
LLVM: wasm[0]::function[1585]::sqlite3ExprIsNotTrue: 264 bytes
LLVM: wasm[0]::function[1586]::sqlite3VtabUsesAllSchemas: 170 bytes
LLVM: wasm[0]::function[1587]::fkActionTrigger: 2683 bytes
LLVM: wasm[0]::function[1588]::codeRowTrigger: 1332 bytes
LLVM: wasm[0]::function[1589]::codeTriggerProgram: 849 bytes
LLVM: wasm[0]::function[1590]::sqlite3UpsertDup: 251 bytes
LLVM: wasm[0]::function[1591]::sqlite3ExpandReturning: 1362 bytes
LLVM: wasm[0]::function[1592]::sqlite3ProcessReturningSubqueries: 207 bytes
LLVM: wasm[0]::function[1593]::isAsteriskTerm: 102 bytes
LLVM: wasm[0]::function[1594]::sqlite3ReturningSubqueryCorrelated: 124 bytes
LLVM: wasm[0]::function[1595]::sqlite3ReturningSubqueryVarSelect: 78 bytes
LLVM: wasm[0]::function[1596]::exprNodeCanReturnSubtype: 203 bytes
LLVM: wasm[0]::function[1597]::exprVectorRegister: 198 bytes
LLVM: wasm[0]::function[1598]::impliesNotNullRow: 908 bytes
LLVM: wasm[0]::function[1599]::bothImplyNotNullRow: 142 bytes
LLVM: wasm[0]::function[1600]::selectWindowRewriteSelectCb: 101 bytes
LLVM: wasm[0]::function[1601]::selectWindowRewriteExprCb: 733 bytes
LLVM: wasm[0]::function[1602]::srclistRenumberCursors: 347 bytes
LLVM: wasm[0]::function[1603]::renumberCursorsCb: 144 bytes
LLVM: wasm[0]::function[1604]::substExprList: 165 bytes
LLVM: wasm[0]::function[1605]::substExpr: 1246 bytes
LLVM: wasm[0]::function[1606]::recomputeColumnsUsedExpr: 128 bytes
LLVM: wasm[0]::function[1607]::codeDistinct: 1162 bytes
LLVM: wasm[0]::function[1608]::pushOntoSorter: 2314 bytes
LLVM: wasm[0]::function[1609]::sqlite3ResolveOrderGroupBy: 386 bytes
LLVM: wasm[0]::function[1610]::generateOutputSubroutine: 2236 bytes
LLVM: wasm[0]::function[1611]::sqlite3LogEstAdd: 155 bytes
LLVM: wasm[0]::function[1612]::constInsert: 492 bytes
LLVM: wasm[0]::function[1613]::exprSelectWalkTableConstant: 70 bytes
LLVM: wasm[0]::function[1614]::exprNodeIsConstantOrGroupBy: 303 bytes
LLVM: wasm[0]::function[1615]::windowExprGtZero: 207 bytes
LLVM: wasm[0]::function[1616]::windowCacheFrame: 134 bytes
LLVM: wasm[0]::function[1617]::windowInitAccum: 428 bytes
LLVM: wasm[0]::function[1618]::windowCheckValue: 614 bytes
LLVM: wasm[0]::function[1619]::windowAggFinal: 548 bytes
LLVM: wasm[0]::function[1620]::windowReturnOneRow: 1363 bytes
LLVM: wasm[0]::function[1621]::windowIfNewPeer: 303 bytes
LLVM: wasm[0]::function[1622]::windowCodeOp: 1526 bytes
LLVM: wasm[0]::function[1623]::windowCodeRangeTest: 1070 bytes
LLVM: wasm[0]::function[1624]::findOrCreateAggInfoColumn: 675 bytes
LLVM: wasm[0]::function[1625]::sqlite3ExprAnalyzeAggList: 356 bytes
LLVM: wasm[0]::function[1626]::sqlite3ExprAnalyzeAggregates: 140 bytes
LLVM: wasm[0]::function[1627]::aggregateIdxEprRefToColCallback: 149 bytes
LLVM: wasm[0]::function[1628]::windowFullScan: 1337 bytes
LLVM: wasm[0]::function[1629]::windowAggStep: 2338 bytes
LLVM: wasm[0]::function[1630]::windowReadPeerValues: 245 bytes
LLVM: wasm[0]::function[1631]::makeSorterRecord: 194 bytes
LLVM: wasm[0]::function[1632]::sqlite3ExprColUsed: 128 bytes
LLVM: wasm[0]::function[1633]::identPut: 461 bytes
LLVM: wasm[0]::function[1634]::keywordCode: 425 bytes
LLVM: wasm[0]::function[1635]::sqlite3_realloc: 99 bytes
LLVM: wasm[0]::function[1636]::jsonEachConnect: 257 bytes
LLVM: wasm[0]::function[1637]::sqlite3_vtab_config: 319 bytes
LLVM: wasm[0]::function[1638]::jsonEachBestIndex: 318 bytes
LLVM: wasm[0]::function[1639]::jsonEachDisconnect: 60 bytes
LLVM: wasm[0]::function[1640]::jsonEachOpen: 220 bytes
LLVM: wasm[0]::function[1641]::jsonEachClose: 82 bytes
LLVM: wasm[0]::function[1642]::jsonEachCursorReset: 155 bytes
LLVM: wasm[0]::function[1643]::jsonEachFilter: 1104 bytes
LLVM: wasm[0]::function[1644]::jsonEachNext: 835 bytes
LLVM: wasm[0]::function[1645]::jsonSkipLabel: 171 bytes
LLVM: wasm[0]::function[1646]::jsonAppendPathName: 360 bytes
LLVM: wasm[0]::function[1647]::jsonEachEof: 59 bytes
LLVM: wasm[0]::function[1648]::jsonEachColumn: 1128 bytes
LLVM: wasm[0]::function[1649]::jsonEachPathLength: 317 bytes
LLVM: wasm[0]::function[1650]::jsonEachRowid: 56 bytes
LLVM: wasm[0]::function[1651]::pragmaVtabConnect: 1040 bytes
LLVM: wasm[0]::function[1652]::pragmaVtabBestIndex: 330 bytes
LLVM: wasm[0]::function[1653]::pragmaVtabDisconnect: 48 bytes
LLVM: wasm[0]::function[1654]::pragmaVtabOpen: 128 bytes
LLVM: wasm[0]::function[1655]::pragmaVtabClose: 910 bytes
LLVM: wasm[0]::function[1656]::pragmaVtabFilter: 1777 bytes
LLVM: wasm[0]::function[1657]::pragmaVtabNext: 702 bytes
LLVM: wasm[0]::function[1658]::pragmaVtabEof: 55 bytes
LLVM: wasm[0]::function[1659]::pragmaVtabColumn: 485 bytes
LLVM: wasm[0]::function[1660]::pragmaVtabRowid: 57 bytes
LLVM: wasm[0]::function[1661]::sqlite3PagerMemUsed: 330 bytes
LLVM: wasm[0]::function[1662]::sqlite3_str_finish: 362 bytes
LLVM: wasm[0]::function[1663]::sqlite3_str_new: 138 bytes
LLVM: wasm[0]::function[1664]::sqlite3_column_int64: 376 bytes
LLVM: wasm[0]::function[1665]::sqlite3_column_int: 98 bytes
LLVM: wasm[0]::function[1666]::columnMem: 118 bytes
LLVM: wasm[0]::function[1667]::columnMallocFailure: 94 bytes
LLVM: wasm[0]::function[1668]::sqlite3_clear_bindings: 225 bytes
LLVM: wasm[0]::function[1669]::sqlite3_result_pointer: 152 bytes
LLVM: wasm[0]::function[1670]::sqlite3NoopDestructor: 38 bytes
LLVM: wasm[0]::function[1671]::sqlite3_column_value: 233 bytes
LLVM: wasm[0]::function[1672]::bindText: 1971 bytes
LLVM: wasm[0]::function[1673]::sqlite3_bind_value: 240 bytes
LLVM: wasm[0]::function[1674]::sqlite3_bind_zeroblob: 117 bytes
LLVM: wasm[0]::function[1675]::vdbeUnbind: 632 bytes
LLVM: wasm[0]::function[1676]::sqlite3_blob_open: 5099 bytes
LLVM: wasm[0]::function[1677]::sqlite3_blob_close: 91 bytes
LLVM: wasm[0]::function[1678]::sqlite3_blob_read: 2958 bytes
LLVM: wasm[0]::function[1679]::accessPayloadChecked: 138 bytes
LLVM: wasm[0]::function[1680]::blobReadWrite: 661 bytes
LLVM: wasm[0]::function[1681]::sqlite3BtreePutData: 200 bytes
LLVM: wasm[0]::function[1682]::saveAllCursors: 140 bytes
LLVM: wasm[0]::function[1683]::sqlite3_blob_reopen: 804 bytes
LLVM: wasm[0]::function[1684]::sqlite3_create_module_v2: 228 bytes
LLVM: wasm[0]::function[1685]::createModule: 116 bytes
LLVM: wasm[0]::function[1686]::setupLookaside: 1219 bytes
LLVM: wasm[0]::function[1687]::disconnectAllVtab: 318 bytes
LLVM: wasm[0]::function[1688]::sqlite3VtabDisconnect: 142 bytes
LLVM: wasm[0]::function[1689]::sqlite3_create_function: 134 bytes
LLVM: wasm[0]::function[1690]::sqlite3_overload_function: 215 bytes
LLVM: wasm[0]::function[1691]::sqlite3InvalidFunction: 189 bytes
LLVM: wasm[0]::function[1692]::createFunctionApi: 1334 bytes
LLVM: wasm[0]::function[1693]::sqlite3_errcode: 232 bytes
LLVM: wasm[0]::function[1694]::createCollation: 819 bytes
LLVM: wasm[0]::function[1695]::nocaseCollatingFunc: 78 bytes
LLVM: wasm[0]::function[1696]::rtrimCollFunc: 193 bytes
LLVM: wasm[0]::function[1697]::sqlite3RegisterPerConnectionBuiltinFunctions: 86 bytes
LLVM: wasm[0]::function[1698]::sqlite3Fts3Init: 925 bytes
LLVM: wasm[0]::function[1699]::sqlite3Fts3HashInsert: 1052 bytes
LLVM: wasm[0]::function[1700]::sqlite3Fts3InitHashTable: 143 bytes
LLVM: wasm[0]::function[1701]::hashDestroy: 341 bytes
LLVM: wasm[0]::function[1702]::sqlite3Fts3HashClear: 674 bytes
LLVM: wasm[0]::function[1703]::sqlite3Fts5Init: 46 bytes
LLVM: wasm[0]::function[1704]::fts5Init: 802 bytes
LLVM: wasm[0]::function[1705]::sqlite3RtreeInit: 288 bytes
LLVM: wasm[0]::function[1706]::rtreenode: 1046 bytes
LLVM: wasm[0]::function[1707]::rtreedepth: 274 bytes
LLVM: wasm[0]::function[1708]::rtreecheck: 368 bytes
LLVM: wasm[0]::function[1709]::sqlite3_geopoly_init: 320 bytes
LLVM: wasm[0]::function[1710]::sqlite3DbpageRegister: 57 bytes
LLVM: wasm[0]::function[1711]::sqlite3DbstatRegister: 57 bytes
LLVM: wasm[0]::function[1712]::sqlite3TestExtInit: 152 bytes
LLVM: wasm[0]::function[1713]::statConnect: 378 bytes
LLVM: wasm[0]::function[1714]::statBestIndex: 413 bytes
LLVM: wasm[0]::function[1715]::statDisconnect: 48 bytes
LLVM: wasm[0]::function[1716]::statOpen: 181 bytes
LLVM: wasm[0]::function[1717]::statClose: 93 bytes
LLVM: wasm[0]::function[1718]::statResetCsr: 1671 bytes
LLVM: wasm[0]::function[1719]::statFilter: 880 bytes
LLVM: wasm[0]::function[1720]::statNext: 2279 bytes
LLVM: wasm[0]::function[1721]::statGetPage: 477 bytes
LLVM: wasm[0]::function[1722]::statClearPage: 132 bytes
LLVM: wasm[0]::function[1723]::statDecodePage: 1576 bytes
LLVM: wasm[0]::function[1724]::statSizeAndOffset: 408 bytes
LLVM: wasm[0]::function[1725]::statEof: 49 bytes
LLVM: wasm[0]::function[1726]::statColumn: 480 bytes
LLVM: wasm[0]::function[1727]::statRowid: 59 bytes
LLVM: wasm[0]::function[1728]::statClearCells: 185 bytes
LLVM: wasm[0]::function[1729]::getLocalPayload: 178 bytes
LLVM: wasm[0]::function[1730]::dbpageConnect: 206 bytes
LLVM: wasm[0]::function[1731]::dbpageBestIndex: 376 bytes
LLVM: wasm[0]::function[1732]::dbpageDisconnect: 48 bytes
LLVM: wasm[0]::function[1733]::dbpageOpen: 136 bytes
LLVM: wasm[0]::function[1734]::dbpageClose: 331 bytes
LLVM: wasm[0]::function[1735]::dbpageFilter: 450 bytes
LLVM: wasm[0]::function[1736]::dbpageNext: 56 bytes
LLVM: wasm[0]::function[1737]::dbpageEof: 59 bytes
LLVM: wasm[0]::function[1738]::dbpageColumn: 536 bytes
LLVM: wasm[0]::function[1739]::dbpageRowid: 56 bytes
LLVM: wasm[0]::function[1740]::dbpageUpdate: 962 bytes
LLVM: wasm[0]::function[1741]::dbpageBeginTrans: 157 bytes
LLVM: wasm[0]::function[1742]::dbpageBegin: 54 bytes
LLVM: wasm[0]::function[1743]::dbpageSync: 123 bytes
LLVM: wasm[0]::function[1744]::dbpageRollbackTo: 54 bytes
LLVM: wasm[0]::function[1745]::nodeGetCell: 376 bytes
LLVM: wasm[0]::function[1746]::rtreeCheckTable: 636 bytes
LLVM: wasm[0]::function[1747]::geopolyBBoxStep: 350 bytes
LLVM: wasm[0]::function[1748]::geopolyBBoxFinal: 460 bytes
LLVM: wasm[0]::function[1749]::geopolyBBox: 889 bytes
LLVM: wasm[0]::function[1750]::geopolyCreate: 71 bytes
LLVM: wasm[0]::function[1751]::geopolyInit: 1815 bytes
LLVM: wasm[0]::function[1752]::geopolyConnect: 71 bytes
LLVM: wasm[0]::function[1753]::geopolyBestIndex: 338 bytes
LLVM: wasm[0]::function[1754]::rtreeDisconnect: 48 bytes
LLVM: wasm[0]::function[1755]::rtreeRelease: 902 bytes
LLVM: wasm[0]::function[1756]::rtreeDestroy: 503 bytes
LLVM: wasm[0]::function[1757]::nodeBlobReset: 100 bytes
LLVM: wasm[0]::function[1758]::rtreeOpen: 196 bytes
LLVM: wasm[0]::function[1759]::rtreeClose: 432 bytes
LLVM: wasm[0]::function[1760]::resetCursor: 2419 bytes
LLVM: wasm[0]::function[1761]::geopolyFilter: 1059 bytes
LLVM: wasm[0]::function[1762]::findLeafNode: 212 bytes
LLVM: wasm[0]::function[1763]::rtreeSearchPointNew: 917 bytes
LLVM: wasm[0]::function[1764]::nodeRowidIndex: 259 bytes
LLVM: wasm[0]::function[1765]::nodeAcquire: 6060 bytes
LLVM: wasm[0]::function[1766]::rtreeStepToLeaf: 5312 bytes
LLVM: wasm[0]::function[1767]::nodeRelease: 803 bytes
LLVM: wasm[0]::function[1768]::rtreeNext: 848 bytes
LLVM: wasm[0]::function[1769]::rtreeEof: 49 bytes
LLVM: wasm[0]::function[1770]::geopolyColumn: 555 bytes
LLVM: wasm[0]::function[1771]::rtreeNodeOfFirstSearchPoint: 142 bytes
LLVM: wasm[0]::function[1772]::nodeGetRowid: 166 bytes
LLVM: wasm[0]::function[1773]::rtreeRowid: 404 bytes
LLVM: wasm[0]::function[1774]::geopolyUpdate: 1428 bytes
LLVM: wasm[0]::function[1775]::rtreeDeleteRowid: 2191 bytes
LLVM: wasm[0]::function[1776]::rtreeConstraintError: 895 bytes
LLVM: wasm[0]::function[1777]::rtreeNewRowid: 150 bytes
LLVM: wasm[0]::function[1778]::ChooseLeaf: 3928 bytes
LLVM: wasm[0]::function[1779]::rtreeInsertCell: 10672 bytes
LLVM: wasm[0]::function[1780]::geopolyFuncParam: 802 bytes
LLVM: wasm[0]::function[1781]::rtreeBeginTransaction: 51 bytes
LLVM: wasm[0]::function[1782]::rtreeEndTransaction: 107 bytes
LLVM: wasm[0]::function[1783]::geopolyFindFunction: 221 bytes
LLVM: wasm[0]::function[1784]::geopolyOverlapFunc: 241 bytes
LLVM: wasm[0]::function[1785]::geopolyWithinFunc: 286 bytes
LLVM: wasm[0]::function[1786]::rtreeRename: 513 bytes
LLVM: wasm[0]::function[1787]::rtreeSavepoint: 87 bytes
LLVM: wasm[0]::function[1788]::rtreeShadowName: 248 bytes
LLVM: wasm[0]::function[1789]::rtreeIntegrity: 203 bytes
LLVM: wasm[0]::function[1790]::rtreeCheckPrepare: 226 bytes
LLVM: wasm[0]::function[1791]::rtreeCheckAppendMsg: 220 bytes
LLVM: wasm[0]::function[1792]::rtreeCheckNode: 994 bytes
LLVM: wasm[0]::function[1793]::rtreeCheckCount: 281 bytes
LLVM: wasm[0]::function[1794]::rtreeCheckGetNode: 477 bytes
LLVM: wasm[0]::function[1795]::readInt64: 134 bytes
LLVM: wasm[0]::function[1796]::rtreeCheckCellCoord: 920 bytes
LLVM: wasm[0]::function[1797]::rtreeCheckMapping: 481 bytes
LLVM: wasm[0]::function[1798]::geopolyOverlap: 1144 bytes
LLVM: wasm[0]::function[1799]::geopolyParseJson: 1334 bytes
LLVM: wasm[0]::function[1800]::geopolyAddSegments: 241 bytes
LLVM: wasm[0]::function[1801]::geopolySortEventsByX: 458 bytes
LLVM: wasm[0]::function[1802]::geopolySortSegmentsByYAndC: 490 bytes
LLVM: wasm[0]::function[1803]::geopolyAddOneSegment: 234 bytes
LLVM: wasm[0]::function[1804]::geopolyEventMerge: 193 bytes
LLVM: wasm[0]::function[1805]::geopolySegmentMerge: 225 bytes
LLVM: wasm[0]::function[1806]::geopolyParseNumber: 451 bytes
LLVM: wasm[0]::function[1807]::deleteCell: 677 bytes
LLVM: wasm[0]::function[1808]::removeNode: 725 bytes
LLVM: wasm[0]::function[1809]::nodeInsertCell: 404 bytes
LLVM: wasm[0]::function[1810]::nodeNew: 225 bytes
LLVM: wasm[0]::function[1811]::SortByDimension: 1785 bytes
LLVM: wasm[0]::function[1812]::nodeWrite: 335 bytes
LLVM: wasm[0]::function[1813]::AdjustTree: 1906 bytes
LLVM: wasm[0]::function[1814]::parentWrite: 142 bytes
LLVM: wasm[0]::function[1815]::rowidWrite: 142 bytes
LLVM: wasm[0]::function[1816]::fixBoundingBox: 1938 bytes
LLVM: wasm[0]::function[1817]::rtreeSearchPointSwap: 262 bytes
LLVM: wasm[0]::function[1818]::rtreeEnqueue: 568 bytes
LLVM: wasm[0]::function[1819]::getNodeSize: 499 bytes
LLVM: wasm[0]::function[1820]::rtreeSqlInit: 3605 bytes
LLVM: wasm[0]::function[1821]::getIntFromStmt: 209 bytes
LLVM: wasm[0]::function[1822]::rtreeQueryStat1: 651 bytes
LLVM: wasm[0]::function[1823]::sqlite3_table_column_metadata: 412 bytes
LLVM: wasm[0]::function[1824]::geopolyAreaFunc: 380 bytes
LLVM: wasm[0]::function[1825]::geopolyArea: 232 bytes
LLVM: wasm[0]::function[1826]::geopolyBlobFunc: 397 bytes
LLVM: wasm[0]::function[1827]::geopolyJsonFunc: 718 bytes
LLVM: wasm[0]::function[1828]::geopolySvgFunc: 994 bytes
LLVM: wasm[0]::function[1829]::geopolyContainsPointFunc: 817 bytes
LLVM: wasm[0]::function[1830]::pointBeneathLine: 192 bytes
LLVM: wasm[0]::function[1831]::geopolyDebugFunc: 38 bytes
LLVM: wasm[0]::function[1832]::geopolyBBoxFunc: 400 bytes
LLVM: wasm[0]::function[1833]::geopolyXformFunc: 663 bytes
LLVM: wasm[0]::function[1834]::geopolyRegularFunc: 760 bytes
LLVM: wasm[0]::function[1835]::geopolySine: 256 bytes
LLVM: wasm[0]::function[1836]::geopolyCcwFunc: 550 bytes
LLVM: wasm[0]::function[1837]::rtreeCreate: 66 bytes
LLVM: wasm[0]::function[1838]::rtreeInit: 2143 bytes
LLVM: wasm[0]::function[1839]::rtreeConnect: 66 bytes
LLVM: wasm[0]::function[1840]::rtreeBestIndex: 1136 bytes
LLVM: wasm[0]::function[1841]::rtreeFilter: 2624 bytes
LLVM: wasm[0]::function[1842]::rtreeColumn: 1138 bytes
LLVM: wasm[0]::function[1843]::rtreeUpdate: 2224 bytes
LLVM: wasm[0]::function[1844]::rtreeRollback: 48 bytes
LLVM: wasm[0]::function[1845]::fts5CreateAux: 410 bytes
LLVM: wasm[0]::function[1846]::fts5FindTokenizer_v2: 134 bytes
LLVM: wasm[0]::function[1847]::fts5CreateTokenizer_v2: 203 bytes
LLVM: wasm[0]::function[1848]::fts5FindTokenizer: 153 bytes
LLVM: wasm[0]::function[1849]::fts5CreateTokenizer: 171 bytes
LLVM: wasm[0]::function[1850]::fts5ModuleDestroy: 872 bytes
LLVM: wasm[0]::function[1851]::sqlite3Fts5TokenizerInit: 523 bytes
LLVM: wasm[0]::function[1852]::fts5Fts5Func: 94 bytes
LLVM: wasm[0]::function[1853]::fts5SourceIdFunc: 63 bytes
LLVM: wasm[0]::function[1854]::fts5LocaleFunc: 481 bytes
LLVM: wasm[0]::function[1855]::fts5InsttokenFunc: 87 bytes
LLVM: wasm[0]::function[1856]::fts5NewTokenizerModule: 350 bytes
LLVM: wasm[0]::function[1857]::fts5V2toV1Tokenize: 195 bytes
LLVM: wasm[0]::function[1858]::fts5VtoVCreate: 622 bytes
LLVM: wasm[0]::function[1859]::fts5VtoVDelete: 420 bytes
LLVM: wasm[0]::function[1860]::fts5LocateTokenizer: 157 bytes
LLVM: wasm[0]::function[1861]::fts5V1toV2Tokenize: 199 bytes
LLVM: wasm[0]::function[1862]::fts5VocabCreateMethod: 60 bytes
LLVM: wasm[0]::function[1863]::fts5VocabInitVtab: 741 bytes
LLVM: wasm[0]::function[1864]::fts5VocabConnectMethod: 60 bytes
LLVM: wasm[0]::function[1865]::fts5VocabBestIndexMethod: 416 bytes
LLVM: wasm[0]::function[1866]::fts5VocabDisconnectMethod: 48 bytes
LLVM: wasm[0]::function[1867]::fts5VocabDestroyMethod: 48 bytes
LLVM: wasm[0]::function[1868]::fts5VocabOpenMethod: 1039 bytes
LLVM: wasm[0]::function[1869]::sqlite3Fts5Mprintf: 304 bytes
LLVM: wasm[0]::function[1870]::sqlite3Fts5FlushToDisk: 123 bytes
LLVM: wasm[0]::function[1871]::fts5VocabCloseMethod: 137 bytes
LLVM: wasm[0]::function[1872]::fts5VocabResetCursor: 320 bytes
LLVM: wasm[0]::function[1873]::fts5VocabFilterMethod: 646 bytes
LLVM: wasm[0]::function[1874]::sqlite3Fts5IndexQuery: 1092 bytes
LLVM: wasm[0]::function[1875]::fts5VocabInstanceNewTerm: 327 bytes
LLVM: wasm[0]::function[1876]::fts5VocabNextMethod: 1584 bytes
LLVM: wasm[0]::function[1877]::fts5VocabInstanceNext: 333 bytes
LLVM: wasm[0]::function[1878]::sqlite3Fts5BufferAppendBlob: 186 bytes
LLVM: wasm[0]::function[1879]::sqlite3Fts5GetVarint32: 214 bytes
LLVM: wasm[0]::function[1880]::sqlite3Fts5PoslistNext64: 437 bytes
LLVM: wasm[0]::function[1881]::sqlite3Fts5IterNextScan: 452 bytes
LLVM: wasm[0]::function[1882]::fts5VocabEofMethod: 48 bytes
LLVM: wasm[0]::function[1883]::fts5VocabColumnMethod: 412 bytes
LLVM: wasm[0]::function[1884]::fts5VocabRowidMethod: 57 bytes
LLVM: wasm[0]::function[1885]::sqlite3Fts5BufferSize: 196 bytes
LLVM: wasm[0]::function[1886]::sqlite3Fts5GetVarint: 660 bytes
LLVM: wasm[0]::function[1887]::fts5MultiIterNext: 1050 bytes
LLVM: wasm[0]::function[1888]::fts5SegIterNextFrom: 1157 bytes
LLVM: wasm[0]::function[1889]::fts5MultiIterAdvanceRowid: 329 bytes
LLVM: wasm[0]::function[1890]::fts5MultiIterAdvanced: 331 bytes
LLVM: wasm[0]::function[1891]::fts5MultiIterIsDeleted: 273 bytes
LLVM: wasm[0]::function[1892]::fts5DlidxIterPrevR: 314 bytes
LLVM: wasm[0]::function[1893]::fts5SegIterReverseNewPage: 774 bytes
LLVM: wasm[0]::function[1894]::fts5DlidxIterNextR: 297 bytes
LLVM: wasm[0]::function[1895]::fts5SegIterGotoPage: 393 bytes
LLVM: wasm[0]::function[1896]::fts5MultiIterDoCompare: 261 bytes
LLVM: wasm[0]::function[1897]::fts5DataRead: 871 bytes
LLVM: wasm[0]::function[1898]::fts5IndexTombstoneQuery: 379 bytes
LLVM: wasm[0]::function[1899]::sqlite3Fts5ConfigErrmsg: 142 bytes
LLVM: wasm[0]::function[1900]::fts5GetU64: 134 bytes
LLVM: wasm[0]::function[1901]::fts5BufferCompare: 96 bytes
LLVM: wasm[0]::function[1902]::fts5DlidxLvlNext: 341 bytes
LLVM: wasm[0]::function[1903]::fts5SegIterNextPage: 253 bytes
LLVM: wasm[0]::function[1904]::fts5SegIterLoadNPos: 344 bytes
LLVM: wasm[0]::function[1905]::fts5DlidxLvlPrev: 346 bytes
LLVM: wasm[0]::function[1906]::fts5LeafRead: 508 bytes
LLVM: wasm[0]::function[1907]::fts5SegIterReverseInitPage: 873 bytes
LLVM: wasm[0]::function[1908]::fts5IterClose: 147 bytes
LLVM: wasm[0]::function[1909]::fts5StructureRelease: 414 bytes
LLVM: wasm[0]::function[1910]::fts5IndexCharlen: 124 bytes
LLVM: wasm[0]::function[1911]::fts5SetupTokendataIter: 5536 bytes
LLVM: wasm[0]::function[1912]::fts5StructureRead: 165 bytes
LLVM: wasm[0]::function[1913]::fts5MultiIterNew: 843 bytes
LLVM: wasm[0]::function[1914]::fts5SetupPrefixIter: 1775 bytes
LLVM: wasm[0]::function[1915]::fts5IterSetOutputCb: 179 bytes
LLVM: wasm[0]::function[1916]::fts5IndexFlush: 173 bytes
LLVM: wasm[0]::function[1917]::fts5MultiIterAlloc: 261 bytes
LLVM: wasm[0]::function[1918]::fts5SegIterNext_Reverse: 260 bytes
LLVM: wasm[0]::function[1919]::fts5SegIterNext_None: 775 bytes
LLVM: wasm[0]::function[1920]::fts5SegIterNext: 1754 bytes
LLVM: wasm[0]::function[1921]::fts5SegIterLoadRowid: 306 bytes
LLVM: wasm[0]::function[1922]::fts5SegIterLoadDlidx: 117 bytes
LLVM: wasm[0]::function[1923]::fts5SegIterSeekInit: 657 bytes
LLVM: wasm[0]::function[1924]::fts5TokendataSetTermIfEof: 103 bytes
LLVM: wasm[0]::function[1925]::fts5AppendTokendataIter: 355 bytes
LLVM: wasm[0]::function[1926]::fts5MultiIterFinishSetup: 604 bytes
LLVM: wasm[0]::function[1927]::fts5IterSetOutputsTokendata: 1339 bytes
LLVM: wasm[0]::function[1928]::fts5TokendataIterDelete: 466 bytes
LLVM: wasm[0]::function[1929]::fts5IndexDataVersion: 273 bytes
LLVM: wasm[0]::function[1930]::fts5StructureReadUncached: 627 bytes
LLVM: wasm[0]::function[1931]::fts5SegIterHashInit: 718 bytes
LLVM: wasm[0]::function[1932]::fts5SegIterInit: 360 bytes
LLVM: wasm[0]::function[1933]::fts5MultiIterFree: 434 bytes
LLVM: wasm[0]::function[1934]::fts5AppendRowid: 55 bytes
LLVM: wasm[0]::function[1935]::fts5MergeRowidLists: 653 bytes
LLVM: wasm[0]::function[1936]::fts5AppendPoslist: 310 bytes
LLVM: wasm[0]::function[1937]::fts5MergePrefixLists: 2669 bytes
LLVM: wasm[0]::function[1938]::prefixIterSetupCb: 913 bytes
LLVM: wasm[0]::function[1939]::fts5VisitEntries: 757 bytes
LLVM: wasm[0]::function[1940]::fts5MultiIterNew2: 393 bytes
LLVM: wasm[0]::function[1941]::fts5TokendataIterSortMap: 1082 bytes
LLVM: wasm[0]::function[1942]::fts5IterSetOutputs_None: 63 bytes
LLVM: wasm[0]::function[1943]::fts5IterSetOutputs_Nocolset: 145 bytes
LLVM: wasm[0]::function[1944]::fts5IterSetOutputs_ZeroColset: 52 bytes
LLVM: wasm[0]::function[1945]::fts5IterSetOutputs_Full: 171 bytes
LLVM: wasm[0]::function[1946]::fts5IterSetOutputs_Col100: 247 bytes
LLVM: wasm[0]::function[1947]::fts5IterSetOutputs_Col: 116 bytes
LLVM: wasm[0]::function[1948]::fts5SegIterClear: 210 bytes
LLVM: wasm[0]::function[1949]::fts5TombstoneArrayDelete: 414 bytes
LLVM: wasm[0]::function[1950]::fts5DlidxIterFree: 397 bytes
LLVM: wasm[0]::function[1951]::fts5SegiterPoslist: 395 bytes
LLVM: wasm[0]::function[1952]::fts5IndexExtractColset: 689 bytes
LLVM: wasm[0]::function[1953]::fts5PoslistCallback: 140 bytes
LLVM: wasm[0]::function[1954]::fts5ChunkIterate: 539 bytes
LLVM: wasm[0]::function[1955]::fts5PoslistFilterCallback: 863 bytes
LLVM: wasm[0]::function[1956]::fts5PoslistOffsetsCallback: 353 bytes
LLVM: wasm[0]::function[1957]::sqlite3Fts5PutVarint: 108 bytes
LLVM: wasm[0]::function[1958]::fts5PutVarint64: 282 bytes
LLVM: wasm[0]::function[1959]::fts5MergeChunkCallback: 46 bytes
LLVM: wasm[0]::function[1960]::fts5WriteAppendPoslistData: 411 bytes
LLVM: wasm[0]::function[1961]::fts5WriteFlushLeaf: 301 bytes
LLVM: wasm[0]::function[1962]::fts5WriteBtreeNoTerm: 102 bytes
LLVM: wasm[0]::function[1963]::fts5DataWrite: 325 bytes
LLVM: wasm[0]::function[1964]::sqlite3Fts5BufferAppendVarint: 143 bytes
LLVM: wasm[0]::function[1965]::fts5IndexPrepareStmt: 159 bytes
LLVM: wasm[0]::function[1966]::fts5DoclistIterNext: 260 bytes
LLVM: wasm[0]::function[1967]::sqlite3Fts5PoslistSafeAppend: 274 bytes
LLVM: wasm[0]::function[1968]::fts5NextRowid: 176 bytes
LLVM: wasm[0]::function[1969]::prefixIterSetupTokendataCb: 311 bytes
LLVM: wasm[0]::function[1970]::fts5MultiIterNext2: 569 bytes
LLVM: wasm[0]::function[1971]::fts5IterSetOutputs_Noop: 38 bytes
LLVM: wasm[0]::function[1972]::fts5SegIterLoadTerm: 467 bytes
LLVM: wasm[0]::function[1973]::fts5HashAddPoslistSize: 419 bytes
LLVM: wasm[0]::function[1974]::fts5TokendataIterAppendMap: 280 bytes
LLVM: wasm[0]::function[1975]::fts5HashEntrySort: 1095 bytes
LLVM: wasm[0]::function[1976]::sqlite3Fts5HashQuery: 427 bytes
LLVM: wasm[0]::function[1977]::fts5SegIterAllocTombstone: 241 bytes
LLVM: wasm[0]::function[1978]::fts5IdxSelectStmt: 156 bytes
LLVM: wasm[0]::function[1979]::fts5LeafSeek: 1835 bytes
LLVM: wasm[0]::function[1980]::fts5SegIterReverse: 753 bytes
LLVM: wasm[0]::function[1981]::fts5DlidxIterInit: 495 bytes
LLVM: wasm[0]::function[1982]::fts5DlidxIterLast: 1958 bytes
LLVM: wasm[0]::function[1983]::fts5HashEntryMerge: 330 bytes
LLVM: wasm[0]::function[1984]::fts5StructureDecode: 1887 bytes
LLVM: wasm[0]::function[1985]::sqlite3Fts5ConfigLoad: 928 bytes
LLVM: wasm[0]::function[1986]::sqlite3Fts5ConfigSetValue: 1372 bytes
LLVM: wasm[0]::function[1987]::sqlite3Fts5ConfigParseRank: 752 bytes
LLVM: wasm[0]::function[1988]::fts5ConfigSkipArgs: 131 bytes
LLVM: wasm[0]::function[1989]::fts5ConfigSkipLiteral: 474 bytes
LLVM: wasm[0]::function[1990]::fts5FlushOneHash: 2542 bytes
LLVM: wasm[0]::function[1991]::sqlite3Fts5HashClear: 478 bytes
LLVM: wasm[0]::function[1992]::sqlite3Fts5PoslistReaderNext: 101 bytes
LLVM: wasm[0]::function[1993]::fts5AllocateSegid: 354 bytes
LLVM: wasm[0]::function[1994]::fts5WriteInit: 416 bytes
LLVM: wasm[0]::function[1995]::fts5WriteAppendTerm: 698 bytes
LLVM: wasm[0]::function[1996]::fts5FlushSecureDelete: 546 bytes
LLVM: wasm[0]::function[1997]::fts5WriteDlidxAppend: 842 bytes
LLVM: wasm[0]::function[1998]::fts5PoslistPrefix: 175 bytes
LLVM: wasm[0]::function[1999]::fts5WriteFinish: 402 bytes
LLVM: wasm[0]::function[2000]::fts5StructureAddLevel: 213 bytes
LLVM: wasm[0]::function[2001]::fts5StructureExtendLevel: 307 bytes
LLVM: wasm[0]::function[2002]::fts5StructurePromote: 311 bytes
LLVM: wasm[0]::function[2003]::fts5IndexAutomerge: 172 bytes
LLVM: wasm[0]::function[2004]::fts5IndexCrisismerge: 298 bytes
LLVM: wasm[0]::function[2005]::fts5StructureWrite: 972 bytes
LLVM: wasm[0]::function[2006]::fts5WriteDlidxGrow: 228 bytes
LLVM: wasm[0]::function[2007]::fts5WriteBtreeTerm: 151 bytes
LLVM: wasm[0]::function[2008]::fts5MultiIterNextFrom: 221 bytes
LLVM: wasm[0]::function[2009]::fts5DoSecureDelete: 4117 bytes
LLVM: wasm[0]::function[2010]::fts5DlidxExtractFirstRowid: 143 bytes
LLVM: wasm[0]::function[2011]::fts5WriteFlushBtree: 269 bytes
LLVM: wasm[0]::function[2012]::fts5StructureMakeWritable: 978 bytes
LLVM: wasm[0]::function[2013]::fts5StructurePromoteTo: 462 bytes
LLVM: wasm[0]::function[2014]::fts5IndexMerge: 495 bytes
LLVM: wasm[0]::function[2015]::fts5IndexMergeLevel: 1938 bytes
LLVM: wasm[0]::function[2016]::fts5WriteAppendRowid: 260 bytes
LLVM: wasm[0]::function[2017]::fts5DataRemoveSegment: 336 bytes
LLVM: wasm[0]::function[2018]::fts5TrimSegments: 1274 bytes
LLVM: wasm[0]::function[2019]::fts5DataDelete: 287 bytes
LLVM: wasm[0]::function[2020]::fts5IndexFindDeleteMerge: 236 bytes
LLVM: wasm[0]::function[2021]::fts5WriteFlushDlidx: 119 bytes
LLVM: wasm[0]::function[2022]::fts5WriteDlidxClear: 303 bytes
LLVM: wasm[0]::function[2023]::fts5SecureDeleteOverflow: 1476 bytes
LLVM: wasm[0]::function[2024]::fts5SecureDeleteIdxEntry: 297 bytes
LLVM: wasm[0]::function[2025]::sqlite3Fts5StorageSync: 314 bytes
LLVM: wasm[0]::function[2026]::fts5StorageSaveTotals: 317 bytes
LLVM: wasm[0]::function[2027]::fts5VocabTableType: 481 bytes
LLVM: wasm[0]::function[2028]::sqlite3Fts5Dequote: 82 bytes
LLVM: wasm[0]::function[2029]::sqlite3Fts5Strndup: 216 bytes
LLVM: wasm[0]::function[2030]::fts5Dequote: 157 bytes
LLVM: wasm[0]::function[2031]::fts5PorterCreate: 697 bytes
LLVM: wasm[0]::function[2032]::fts5PorterDelete: 427 bytes
LLVM: wasm[0]::function[2033]::fts5PorterTokenize: 252 bytes
LLVM: wasm[0]::function[2034]::fts5PorterCb: 1117 bytes
LLVM: wasm[0]::function[2035]::fts5PorterStep1A: 147 bytes
LLVM: wasm[0]::function[2036]::fts5PorterStep1B: 559 bytes
LLVM: wasm[0]::function[2037]::fts5PorterStep1B2: 195 bytes
LLVM: wasm[0]::function[2038]::fts5Porter_MEq1: 118 bytes
LLVM: wasm[0]::function[2039]::fts5Porter_Ostar: 164 bytes
LLVM: wasm[0]::function[2040]::fts5PorterStep2: 1884 bytes
LLVM: wasm[0]::function[2041]::fts5PorterStep3: 564 bytes
LLVM: wasm[0]::function[2042]::fts5PorterStep4: 900 bytes
LLVM: wasm[0]::function[2043]::fts5Porter_MGt1: 118 bytes
LLVM: wasm[0]::function[2044]::fts5PorterGobbleVC: 425 bytes
LLVM: wasm[0]::function[2045]::fts5UnicodeCreate: 929 bytes
LLVM: wasm[0]::function[2046]::unicodeSetCategories: 219 bytes
LLVM: wasm[0]::function[2047]::fts5UnicodeAddExceptions: 764 bytes
LLVM: wasm[0]::function[2048]::fts5UnicodeDelete: 353 bytes
LLVM: wasm[0]::function[2049]::fts5UnicodeTokenize: 1728 bytes
LLVM: wasm[0]::function[2050]::sqlite3Fts5UnicodeFold: 263 bytes
LLVM: wasm[0]::function[2051]::fts5UnicodeIsAlnum: 107 bytes
LLVM: wasm[0]::function[2052]::fts5AsciiCreate: 832 bytes
LLVM: wasm[0]::function[2053]::fts5AsciiDelete: 46 bytes
LLVM: wasm[0]::function[2054]::fts5AsciiTokenize: 692 bytes
LLVM: wasm[0]::function[2055]::fts5TriCreate: 728 bytes
LLVM: wasm[0]::function[2056]::fts5TriDelete: 46 bytes
LLVM: wasm[0]::function[2057]::fts5TriTokenize: 2120 bytes
LLVM: wasm[0]::function[2058]::fts5_remove_diacritic: 184 bytes
LLVM: wasm[0]::function[2059]::sqlite3Fts5UnicodeCategory: 230 bytes
LLVM: wasm[0]::function[2060]::fts5UnicodeIsException: 133 bytes
LLVM: wasm[0]::function[2061]::sqlite3Fts5UnicodeCatParse: 1416 bytes
LLVM: wasm[0]::function[2062]::sqlite3Fts5UnicodeAscii: 192 bytes
LLVM: wasm[0]::function[2063]::fts5SnippetFunction: 3703 bytes
LLVM: wasm[0]::function[2064]::fts5SentenceFinderCb: 186 bytes
LLVM: wasm[0]::function[2065]::fts5SnippetScore: 908 bytes
LLVM: wasm[0]::function[2066]::fts5CInstIterNext: 565 bytes
LLVM: wasm[0]::function[2067]::fts5HighlightAppend: 218 bytes
LLVM: wasm[0]::function[2068]::fts5HighlightCb: 796 bytes
LLVM: wasm[0]::function[2069]::fts5HighlightFunction: 1156 bytes
LLVM: wasm[0]::function[2070]::fts5Bm25Function: 1024 bytes
LLVM: wasm[0]::function[2071]::fts5Bm25GetData: 1232 bytes
LLVM: wasm[0]::function[2072]::fts5GetLocaleFunction: 602 bytes
LLVM: wasm[0]::function[2073]::fts5CountCb: 58 bytes
LLVM: wasm[0]::function[2074]::fts5SentenceFinderAdd: 198 bytes
LLVM: wasm[0]::function[2075]::fts5CreateMethod: 83 bytes
LLVM: wasm[0]::function[2076]::fts5InitVtab: 743 bytes
LLVM: wasm[0]::function[2077]::fts5ConnectMethod: 80 bytes
LLVM: wasm[0]::function[2078]::fts5BestIndexMethod: 2032 bytes
LLVM: wasm[0]::function[2079]::fts5DisconnectMethod: 48 bytes
LLVM: wasm[0]::function[2080]::fts5FreeVtab: 363 bytes
LLVM: wasm[0]::function[2081]::fts5DestroyMethod: 88 bytes
LLVM: wasm[0]::function[2082]::sqlite3Fts5DropAll: 269 bytes
LLVM: wasm[0]::function[2083]::fts5OpenMethod: 275 bytes
LLVM: wasm[0]::function[2084]::fts5NewTransaction: 105 bytes
LLVM: wasm[0]::function[2085]::fts5CloseMethod: 381 bytes
LLVM: wasm[0]::function[2086]::fts5FreeCursorComponents: 1041 bytes
LLVM: wasm[0]::function[2087]::fts5FilterMethod: 2268 bytes
LLVM: wasm[0]::function[2088]::fts5ExtractExprText: 369 bytes
LLVM: wasm[0]::function[2089]::fts5SpecialMatch: 461 bytes
LLVM: wasm[0]::function[2090]::sqlite3Fts5ExprNew: 640 bytes
LLVM: wasm[0]::function[2091]::sqlite3Fts5ExprAnd: 759 bytes
LLVM: wasm[0]::function[2092]::sqlite3Fts5ExprPattern: 929 bytes
LLVM: wasm[0]::function[2093]::fts5GetRowidLimit: 99 bytes
LLVM: wasm[0]::function[2094]::sqlite3Fts5IndexLoadConfig: 88 bytes
LLVM: wasm[0]::function[2095]::fts5CursorFirst: 133 bytes
LLVM: wasm[0]::function[2096]::fts5CursorParseRank: 364 bytes
LLVM: wasm[0]::function[2097]::fts5CursorFirstSorted: 764 bytes
LLVM: wasm[0]::function[2098]::fts5SetVtabError: 144 bytes
LLVM: wasm[0]::function[2099]::fts5StorageGetStmt: 1712 bytes
LLVM: wasm[0]::function[2100]::fts5NextMethod: 510 bytes
LLVM: wasm[0]::function[2101]::sqlite3Fts5ExprFree: 347 bytes
LLVM: wasm[0]::function[2102]::sqlite3Fts5ExprClearTokens: 176 bytes
LLVM: wasm[0]::function[2103]::fts5CursorReseek: 221 bytes
LLVM: wasm[0]::function[2104]::sqlite3Fts5ExprNext: 260 bytes
LLVM: wasm[0]::function[2105]::fts5SorterNext: 447 bytes
LLVM: wasm[0]::function[2106]::fts5EofMethod: 51 bytes
LLVM: wasm[0]::function[2107]::fts5ColumnMethod: 843 bytes
LLVM: wasm[0]::function[2108]::fts5PoslistBlob: 805 bytes
LLVM: wasm[0]::function[2109]::fts5FindRankFunction: 937 bytes
LLVM: wasm[0]::function[2110]::fts5SeekCursor: 554 bytes
LLVM: wasm[0]::function[2111]::sqlite3Fts5IsLocaleValue: 188 bytes
LLVM: wasm[0]::function[2112]::fts5TextFromStmt: 376 bytes
LLVM: wasm[0]::function[2113]::fts5RowidMethod: 82 bytes
LLVM: wasm[0]::function[2114]::fts5CursorRowid: 101 bytes
LLVM: wasm[0]::function[2115]::fts5UpdateMethod: 1718 bytes
LLVM: wasm[0]::function[2116]::fts5TripCursors: 111 bytes
LLVM: wasm[0]::function[2117]::fts5SpecialDelete: 133 bytes
LLVM: wasm[0]::function[2118]::fts5SpecialInsert: 923 bytes
LLVM: wasm[0]::function[2119]::sqlite3Fts5StorageDelete: 545 bytes
LLVM: wasm[0]::function[2120]::fts5StorageInsert: 143 bytes
LLVM: wasm[0]::function[2121]::fts5ContentlessUpdate: 278 bytes
LLVM: wasm[0]::function[2122]::sqlite3Fts5StorageFindDeleteRow: 209 bytes
LLVM: wasm[0]::function[2123]::sqlite3Fts5StorageContentInsert: 887 bytes
LLVM: wasm[0]::function[2124]::sqlite3Fts5StorageIndexInsert: 1003 bytes
LLVM: wasm[0]::function[2125]::fts5BeginMethod: 46 bytes
LLVM: wasm[0]::function[2126]::fts5SyncMethod: 94 bytes
LLVM: wasm[0]::function[2127]::fts5CommitMethod: 40 bytes
LLVM: wasm[0]::function[2128]::fts5RollbackMethod: 93 bytes
LLVM: wasm[0]::function[2129]::sqlite3Fts5IndexRollback: 204 bytes
LLVM: wasm[0]::function[2130]::fts5FindFunctionMethod: 175 bytes
LLVM: wasm[0]::function[2131]::fts5ApiCallback: 407 bytes
LLVM: wasm[0]::function[2132]::fts5RenameMethod: 56 bytes
LLVM: wasm[0]::function[2133]::sqlite3Fts5StorageRename: 296 bytes
LLVM: wasm[0]::function[2134]::fts5SavepointMethod: 167 bytes
LLVM: wasm[0]::function[2135]::fts5ReleaseMethod: 98 bytes
LLVM: wasm[0]::function[2136]::fts5RollbackToMethod: 131 bytes
LLVM: wasm[0]::function[2137]::fts5ShadowName: 378 bytes
LLVM: wasm[0]::function[2138]::fts5IntegrityMethod: 388 bytes
LLVM: wasm[0]::function[2139]::sqlite3Fts5StorageIntegrity: 2144 bytes
LLVM: wasm[0]::function[2140]::sqlite3Fts5StorageDocsize: 318 bytes
LLVM: wasm[0]::function[2141]::sqlite3Fts5IndexGetAverages: 345 bytes
LLVM: wasm[0]::function[2142]::fts5StorageCount: 539 bytes
LLVM: wasm[0]::function[2143]::sqlite3Fts5DecodeLocaleValue: 212 bytes
LLVM: wasm[0]::function[2144]::fts5StorageIntegrityCallback: 661 bytes
LLVM: wasm[0]::function[2145]::sqlite3Fts5Tokenize: 436 bytes
LLVM: wasm[0]::function[2146]::sqlite3Fts5TermsetFree: 598 bytes
LLVM: wasm[0]::function[2147]::sqlite3Fts5IndexIntegrityCheck: 14784 bytes
LLVM: wasm[0]::function[2148]::fts5StorageDecodeSizeArray: 153 bytes
LLVM: wasm[0]::function[2149]::sqlite3Fts5TermsetAdd: 464 bytes
LLVM: wasm[0]::function[2150]::sqlite3Fts5IndexCharlenToBytelen: 134 bytes
LLVM: wasm[0]::function[2151]::sqlite3Fts5IndexEntryCksum: 118 bytes
LLVM: wasm[0]::function[2152]::sqlite3Fts5LoadTokenizer: 521 bytes
LLVM: wasm[0]::function[2153]::fts5StorageRenameOne: 158 bytes
LLVM: wasm[0]::function[2154]::fts5ExecPrintf: 618 bytes
LLVM: wasm[0]::function[2155]::fts5ResultError: 186 bytes
LLVM: wasm[0]::function[2156]::fts5ApiUserData: 54 bytes
LLVM: wasm[0]::function[2157]::fts5ApiColumnCount: 59 bytes
LLVM: wasm[0]::function[2158]::fts5ApiRowCount: 61 bytes
LLVM: wasm[0]::function[2159]::sqlite3Fts5StorageRowCount: 131 bytes
LLVM: wasm[0]::function[2160]::fts5ApiColumnTotalSize: 61 bytes
LLVM: wasm[0]::function[2161]::sqlite3Fts5StorageSize: 210 bytes
LLVM: wasm[0]::function[2162]::fts5ApiTokenize: 121 bytes
LLVM: wasm[0]::function[2163]::fts5ApiPhraseCount: 62 bytes
LLVM: wasm[0]::function[2164]::fts5ApiPhraseSize: 80 bytes
LLVM: wasm[0]::function[2165]::fts5ApiInstCount: 98 bytes
LLVM: wasm[0]::function[2166]::fts5CacheInstArray: 929 bytes
LLVM: wasm[0]::function[2167]::fts5ApiInst: 174 bytes
LLVM: wasm[0]::function[2168]::fts5ApiRowid: 46 bytes
LLVM: wasm[0]::function[2169]::fts5ApiColumnText: 223 bytes
LLVM: wasm[0]::function[2170]::fts5ApiColumnSize: 708 bytes
LLVM: wasm[0]::function[2171]::fts5ColumnSizeCb: 59 bytes
LLVM: wasm[0]::function[2172]::fts5ApiQueryPhrase: 478 bytes
LLVM: wasm[0]::function[2173]::sqlite3Fts5ExprClonePhrase: 2523 bytes
LLVM: wasm[0]::function[2174]::fts5ApiSetAuxdata: 408 bytes
LLVM: wasm[0]::function[2175]::fts5ApiGetAuxdata: 104 bytes
LLVM: wasm[0]::function[2176]::fts5ApiPhraseFirst: 197 bytes
LLVM: wasm[0]::function[2177]::fts5CsrPoslist: 864 bytes
LLVM: wasm[0]::function[2178]::fts5ApiPhraseNext: 372 bytes
LLVM: wasm[0]::function[2179]::fts5ApiPhraseFirstColumn: 468 bytes
LLVM: wasm[0]::function[2180]::sqlite3Fts5ExprPhraseCollist: 188 bytes
LLVM: wasm[0]::function[2181]::fts5ApiPhraseNextColumn: 340 bytes
LLVM: wasm[0]::function[2182]::fts5ApiQueryToken: 124 bytes
LLVM: wasm[0]::function[2183]::fts5ApiInstToken: 218 bytes
LLVM: wasm[0]::function[2184]::sqlite3Fts5ExprInstToken: 209 bytes
LLVM: wasm[0]::function[2185]::fts5ApiColumnLocale: 304 bytes
LLVM: wasm[0]::function[2186]::fts5ApiTokenize_v2: 129 bytes
LLVM: wasm[0]::function[2187]::sqlite3Fts5IterToken: 306 bytes
LLVM: wasm[0]::function[2188]::fts5SetupPrefixIterTokendata: 547 bytes
LLVM: wasm[0]::function[2189]::sqlite3Fts5ExprClearPoslists: 299 bytes
LLVM: wasm[0]::function[2190]::sqlite3Fts5ExprPopulatePoslists: 347 bytes
LLVM: wasm[0]::function[2191]::fts5ExprCheckPoslists: 488 bytes
LLVM: wasm[0]::function[2192]::fts5ExprPopulatePoslistsCb: 520 bytes
LLVM: wasm[0]::function[2193]::fts5ExprClearPoslists: 162 bytes
LLVM: wasm[0]::function[2194]::sqlite3Fts5PoslistWriterAppend: 191 bytes
LLVM: wasm[0]::function[2195]::sqlite3Fts5IndexIterWriteTokendata: 513 bytes
LLVM: wasm[0]::function[2196]::fts5ExprSynonymList: 872 bytes
LLVM: wasm[0]::function[2197]::fts5ExprNodeNext_TERM: 217 bytes
LLVM: wasm[0]::function[2198]::fts5ExprNodeNext_STRING: 616 bytes
LLVM: wasm[0]::function[2199]::fts5ExprPhraseFree: 7618 bytes
LLVM: wasm[0]::function[2200]::sqlite3Fts5ExprFirst: 473 bytes
LLVM: wasm[0]::function[2201]::fts5ExprNodeFirst: 349 bytes
LLVM: wasm[0]::function[2202]::fts5ExprNearInitAll: 7197 bytes
LLVM: wasm[0]::function[2203]::fts5ExprSetEof: 130 bytes
LLVM: wasm[0]::function[2204]::fts5ExprNodeTest: 240 bytes
LLVM: wasm[0]::function[2205]::fts5ExprNodeTest_STRING: 5542 bytes
LLVM: wasm[0]::function[2206]::fts5ExprNodeTest_AND: 546 bytes
LLVM: wasm[0]::function[2207]::fts5ExprNodeTest_OR: 208 bytes
LLVM: wasm[0]::function[2208]::fts5ExprNodeTest_NOT: 521 bytes
LLVM: wasm[0]::function[2209]::fts5TokendataIterNext: 2327 bytes
LLVM: wasm[0]::function[2210]::fts5ExprNearTest: 535 bytes
LLVM: wasm[0]::function[2211]::fts5ExprNodeZeroPoslist: 210 bytes
LLVM: wasm[0]::function[2212]::fts5NodeCompare: 123 bytes
LLVM: wasm[0]::function[2213]::fts5ExprPhraseIsMatch: 2196 bytes
LLVM: wasm[0]::function[2214]::fts5ExprNearIsMatch: 2041 bytes
LLVM: wasm[0]::function[2215]::fts5LookaheadReaderNext: 131 bytes
LLVM: wasm[0]::function[2216]::sqlite3Fts5IterNextFrom: 122 bytes
LLVM: wasm[0]::function[2217]::sqlite3Fts5IterNext: 125 bytes
LLVM: wasm[0]::function[2218]::sqlite3Fts5ParseNodeFree: 414 bytes
LLVM: wasm[0]::function[2219]::sqlite3Fts5ParseNearsetFree: 414 bytes
LLVM: wasm[0]::function[2220]::sqlite3Fts5IndexReset: 127 bytes
LLVM: wasm[0]::function[2221]::sqlite3Fts5IndexMerge: 374 bytes
LLVM: wasm[0]::function[2222]::sqlite3Fts5IndexOptimize: 436 bytes
LLVM: wasm[0]::function[2223]::sqlite3Fts5StorageRebuild: 2183 bytes
LLVM: wasm[0]::function[2224]::sqlite3Fts5StorageDeleteAll: 359 bytes
LLVM: wasm[0]::function[2225]::sqlite3Fts5StorageConfigValue: 406 bytes
LLVM: wasm[0]::function[2226]::sqlite3Fts5IndexBeginWrite: 210 bytes
LLVM: wasm[0]::function[2227]::fts5StorageContentlessDelete: 282 bytes
LLVM: wasm[0]::function[2228]::fts5StorageDeleteFromIndex: 1155 bytes
LLVM: wasm[0]::function[2229]::fts5StorageNewRowid: 271 bytes
LLVM: wasm[0]::function[2230]::fts5StorageInsertCallback: 135 bytes
LLVM: wasm[0]::function[2231]::fts5StorageInsertDocsize: 400 bytes
LLVM: wasm[0]::function[2232]::sqlite3Fts5HashNew: 528 bytes
LLVM: wasm[0]::function[2233]::sqlite3Fts5IndexWrite: 329 bytes
LLVM: wasm[0]::function[2234]::sqlite3Fts5IndexGetOrigin: 136 bytes
LLVM: wasm[0]::function[2235]::sqlite3Fts5HashWrite: 1452 bytes
LLVM: wasm[0]::function[2236]::fts5HashResize: 378 bytes
LLVM: wasm[0]::function[2237]::sqlite3Fts5IndexContentlessDelete: 3509 bytes
LLVM: wasm[0]::function[2238]::fts5IndexTombstoneAddToPage: 399 bytes
LLVM: wasm[0]::function[2239]::fts5IndexTombstoneRebuild: 936 bytes
LLVM: wasm[0]::function[2240]::fts5PutU64: 51 bytes
LLVM: wasm[0]::function[2241]::fts5IndexTombstoneRehash: 950 bytes
LLVM: wasm[0]::function[2242]::fts5IndexFreeArray: 372 bytes
LLVM: wasm[0]::function[2243]::sqlite3Fts5IndexReinit: 310 bytes
LLVM: wasm[0]::function[2244]::fts5IndexOptimizeStruct: 1066 bytes
LLVM: wasm[0]::function[2245]::sqlite3Fts5IndexSetCookie: 187 bytes
LLVM: wasm[0]::function[2246]::sqlite3Fts5StorageStmtRelease: 102 bytes
LLVM: wasm[0]::function[2247]::fts5ExprGetToken: 912 bytes
LLVM: wasm[0]::function[2248]::sqlite3Fts5Parser: 391 bytes
LLVM: wasm[0]::function[2249]::sqlite3Fts5ParserFree: 315 bytes
LLVM: wasm[0]::function[2250]::sqlite3Fts5ParseSetColset: 168 bytes
LLVM: wasm[0]::function[2251]::sqlite3Fts5ParseNode: 931 bytes
LLVM: wasm[0]::function[2252]::fts5PrepareStatement: 529 bytes
LLVM: wasm[0]::function[2253]::fts5ParsePhraseToAnd: 731 bytes
LLVM: wasm[0]::function[2254]::fts5ExprAssignXNext: 146 bytes
LLVM: wasm[0]::function[2255]::sqlite3Fts5ParseError: 131 bytes
LLVM: wasm[0]::function[2256]::fts5ExprAddChildren: 542 bytes
LLVM: wasm[0]::function[2257]::parseGrowPhraseArray: 150 bytes
LLVM: wasm[0]::function[2258]::sqlite3Fts5ParseNearset: 491 bytes
LLVM: wasm[0]::function[2259]::fts5ExprNodeNext_OR: 595 bytes
LLVM: wasm[0]::function[2260]::fts5ExprNodeNext_AND: 228 bytes
LLVM: wasm[0]::function[2261]::fts5ExprNodeNext_NOT: 237 bytes
LLVM: wasm[0]::function[2262]::fts5yyStackOverflow: 143 bytes
LLVM: wasm[0]::function[2263]::fts5yy_reduce: 1168 bytes
LLVM: wasm[0]::function[2264]::fts5yy_shift: 107 bytes
LLVM: wasm[0]::function[2265]::fts5yy_destructor: 168 bytes
LLVM: wasm[0]::function[2266]::sqlite3Fts5ParserFinalize: 136 bytes
LLVM: wasm[0]::function[2267]::fts5ParseSetColset: 328 bytes
LLVM: wasm[0]::function[2268]::fts5MergeColset: 162 bytes
LLVM: wasm[0]::function[2269]::fts5CloneColset: 252 bytes
LLVM: wasm[0]::function[2270]::sqlite3Fts5ParseColsetInvert: 340 bytes
LLVM: wasm[0]::function[2271]::sqlite3Fts5ParseColset: 375 bytes
LLVM: wasm[0]::function[2272]::sqlite3Fts5ParseImplicitAnd: 364 bytes
LLVM: wasm[0]::function[2273]::sqlite3Fts5ParseNear: 129 bytes
LLVM: wasm[0]::function[2274]::sqlite3Fts5ParseSetDistance: 230 bytes
LLVM: wasm[0]::function[2275]::sqlite3Fts5ParseTerm: 788 bytes
LLVM: wasm[0]::function[2276]::fts5ParseColset: 306 bytes
LLVM: wasm[0]::function[2277]::fts5ParseTokenize: 871 bytes
LLVM: wasm[0]::function[2278]::sqlite3Fts5IndexClose: 507 bytes
LLVM: wasm[0]::function[2279]::sqlite3Fts5StorageClose: 507 bytes
LLVM: wasm[0]::function[2280]::sqlite3Fts5ConfigFree: 687 bytes
LLVM: wasm[0]::function[2281]::sqlite3Fts5HashFree: 341 bytes
LLVM: wasm[0]::function[2282]::sqlite3Fts5ConfigParse: 1569 bytes
LLVM: wasm[0]::function[2283]::sqlite3Fts5TokenizerPreload: 136 bytes
LLVM: wasm[0]::function[2284]::sqlite3Fts5IndexOpen: 459 bytes
LLVM: wasm[0]::function[2285]::sqlite3Fts5StorageOpen: 1041 bytes
LLVM: wasm[0]::function[2286]::sqlite3Fts5ConfigDeclareVtab: 686 bytes
LLVM: wasm[0]::function[2287]::fts5ConfigGobbleWord: 671 bytes
LLVM: wasm[0]::function[2288]::fts5ConfigParseSpecial: 2117 bytes
LLVM: wasm[0]::function[2289]::fts5ConfigParseColumn: 425 bytes
LLVM: wasm[0]::function[2290]::fts5ConfigMakeExprlist: 548 bytes
LLVM: wasm[0]::function[2291]::sqlite3Fts5CreateTable: 506 bytes
LLVM: wasm[0]::function[2292]::fts5ConfigSetEnum: 228 bytes
LLVM: wasm[0]::function[2293]::sqlite3Fts5BufferAppendPrintf: 420 bytes
LLVM: wasm[0]::function[2294]::sqlite3Fts5BufferAppendString: 117 bytes
LLVM: wasm[0]::function[2295]::fts3StrHash: 230 bytes
LLVM: wasm[0]::function[2296]::fts3BinHash: 89 bytes
LLVM: wasm[0]::function[2297]::fts3FindElementByHash: 323 bytes
LLVM: wasm[0]::function[2298]::fts3RemoveElementByHash: 724 bytes
LLVM: wasm[0]::function[2299]::fts3Rehash: 411 bytes
LLVM: wasm[0]::function[2300]::fts3HashInsertElement: 146 bytes
LLVM: wasm[0]::function[2301]::fts3TokenizerFunc: 815 bytes
LLVM: wasm[0]::function[2302]::fts3HashFree: 315 bytes
LLVM: wasm[0]::function[2303]::fts3tokConnectMethod: 632 bytes
LLVM: wasm[0]::function[2304]::fts3tokDequoteArray: 437 bytes
LLVM: wasm[0]::function[2305]::fts3tokQueryTokenizer: 203 bytes
LLVM: wasm[0]::function[2306]::fts3tokBestIndexMethod: 166 bytes
LLVM: wasm[0]::function[2307]::fts3tokDisconnectMethod: 178 bytes
LLVM: wasm[0]::function[2308]::fts3tokOpenMethod: 147 bytes
LLVM: wasm[0]::function[2309]::fts3tokCloseMethod: 72 bytes
LLVM: wasm[0]::function[2310]::fts3tokResetCursor: 235 bytes
LLVM: wasm[0]::function[2311]::fts3tokFilterMethod: 430 bytes
LLVM: wasm[0]::function[2312]::fts3tokNextMethod: 239 bytes
LLVM: wasm[0]::function[2313]::fts3tokEofMethod: 55 bytes
LLVM: wasm[0]::function[2314]::fts3tokColumnMethod: 192 bytes
LLVM: wasm[0]::function[2315]::fts3tokRowidMethod: 57 bytes
LLVM: wasm[0]::function[2316]::sqlite3Fts3Dequote: 187 bytes
LLVM: wasm[0]::function[2317]::sqlite3Fts3HashFindElem: 252 bytes
LLVM: wasm[0]::function[2318]::sqlite3Fts3ErrMsg: 147 bytes
LLVM: wasm[0]::function[2319]::fts3StrCompare: 65 bytes
LLVM: wasm[0]::function[2320]::fts3BinCompare: 65 bytes
LLVM: wasm[0]::function[2321]::fts3CreateMethod: 83 bytes
LLVM: wasm[0]::function[2322]::fts3InitVtab: 5928 bytes
LLVM: wasm[0]::function[2323]::fts3ConnectMethod: 80 bytes
LLVM: wasm[0]::function[2324]::fts3BestIndexMethod: 805 bytes
LLVM: wasm[0]::function[2325]::fts3DisconnectMethod: 1227 bytes
LLVM: wasm[0]::function[2326]::fts3DestroyMethod: 286 bytes
LLVM: wasm[0]::function[2327]::fts3DbExec: 440 bytes
LLVM: wasm[0]::function[2328]::fts3OpenMethod: 121 bytes
LLVM: wasm[0]::function[2329]::fts3CloseMethod: 72 bytes
LLVM: wasm[0]::function[2330]::fts3ClearCursor: 172 bytes
LLVM: wasm[0]::function[2331]::fts3FilterMethod: 1295 bytes
LLVM: wasm[0]::function[2332]::fts3DocidRange: 99 bytes
LLVM: wasm[0]::function[2333]::sqlite3Fts3ExprParse: 337 bytes
LLVM: wasm[0]::function[2334]::fts3EvalStart: 759 bytes
LLVM: wasm[0]::function[2335]::fts3CursorSeekStmt: 542 bytes
LLVM: wasm[0]::function[2336]::fts3NextMethod: 194 bytes
LLVM: wasm[0]::function[2337]::fts3EvalNext: 322 bytes
LLVM: wasm[0]::function[2338]::fts3EofMethod: 83 bytes
LLVM: wasm[0]::function[2339]::fts3ColumnMethod: 373 bytes
LLVM: wasm[0]::function[2340]::fts3CursorSeek: 284 bytes
LLVM: wasm[0]::function[2341]::fts3RowidMethod: 57 bytes
LLVM: wasm[0]::function[2342]::fts3UpdateMethod: 46 bytes
LLVM: wasm[0]::function[2343]::sqlite3Fts3UpdateMethod: 1115 bytes
LLVM: wasm[0]::function[2344]::fts3BeginMethod: 60 bytes
LLVM: wasm[0]::function[2345]::fts3SetHasStat: 450 bytes
LLVM: wasm[0]::function[2346]::fts3SyncMethod: 299 bytes
LLVM: wasm[0]::function[2347]::sqlite3Fts3PendingTermsFlush: 399 bytes
LLVM: wasm[0]::function[2348]::sqlite3Fts3MaxLevel: 229 bytes
LLVM: wasm[0]::function[2349]::sqlite3Fts3Incrmerge: 2169 bytes
LLVM: wasm[0]::function[2350]::fts3CommitMethod: 40 bytes
LLVM: wasm[0]::function[2351]::fts3RollbackMethod: 48 bytes
LLVM: wasm[0]::function[2352]::sqlite3Fts3PendingTermsClear: 473 bytes
LLVM: wasm[0]::function[2353]::fts3FindFunctionMethod: 198 bytes
LLVM: wasm[0]::function[2354]::fts3RenameMethod: 468 bytes
LLVM: wasm[0]::function[2355]::fts3SavepointMethod: 529 bytes
LLVM: wasm[0]::function[2356]::fts3ReleaseMethod: 53 bytes
LLVM: wasm[0]::function[2357]::fts3RollbackToMethod: 65 bytes
LLVM: wasm[0]::function[2358]::fts3ShadowName: 376 bytes
LLVM: wasm[0]::function[2359]::fts3IntegrityMethod: 399 bytes
LLVM: wasm[0]::function[2360]::sqlite3Fts3IntegrityCheck: 7027 bytes
LLVM: wasm[0]::function[2361]::fts3SqlStmt: 793 bytes
LLVM: wasm[0]::function[2362]::fts3SegReaderCursor: 1090 bytes
LLVM: wasm[0]::function[2363]::fts3SegReaderStart: 532 bytes
LLVM: wasm[0]::function[2364]::sqlite3Fts3SegReaderStep: 3677 bytes
LLVM: wasm[0]::function[2365]::sqlite3Fts3OpenTokenizer: 510 bytes
LLVM: wasm[0]::function[2366]::sqlite3Fts3SegReaderPending: 955 bytes
LLVM: wasm[0]::function[2367]::fts3SegReaderCursorAppend: 181 bytes
LLVM: wasm[0]::function[2368]::sqlite3Fts3AllSegdirs: 380 bytes
LLVM: wasm[0]::function[2369]::fts3SelectLeaf: 682 bytes
LLVM: wasm[0]::function[2370]::sqlite3Fts3SegReaderNew: 398 bytes
LLVM: wasm[0]::function[2371]::fts3SegReaderNext: 1211 bytes
LLVM: wasm[0]::function[2372]::fts3SegReaderTermCmp: 95 bytes
LLVM: wasm[0]::function[2373]::fts3SegReaderSetEof: 118 bytes
LLVM: wasm[0]::function[2374]::fts3SegReaderCmp: 168 bytes
LLVM: wasm[0]::function[2375]::fts3SegReaderDoclistCmpRev: 112 bytes
LLVM: wasm[0]::function[2376]::fts3SegReaderDoclistCmp: 112 bytes
LLVM: wasm[0]::function[2377]::fts3MsrBufferData: 273 bytes
LLVM: wasm[0]::function[2378]::fts3SegReaderFirstDocid: 259 bytes
LLVM: wasm[0]::function[2379]::fts3SegReaderSort: 387 bytes
LLVM: wasm[0]::function[2380]::fts3SegReaderNextDocid: 621 bytes
LLVM: wasm[0]::function[2381]::sqlite3Fts3DoclistPrev: 569 bytes
LLVM: wasm[0]::function[2382]::fts3SegReaderRequire: 137 bytes
LLVM: wasm[0]::function[2383]::sqlite3Fts3GetVarintU: 722 bytes
LLVM: wasm[0]::function[2384]::fts3ColumnFilter: 434 bytes
LLVM: wasm[0]::function[2385]::fts3GrowSegReaderBuffer: 153 bytes
LLVM: wasm[0]::function[2386]::sqlite3Fts3FirstFilter: 586 bytes
LLVM: wasm[0]::function[2387]::sqlite3Fts3SegReaderFree: 371 bytes
LLVM: wasm[0]::function[2388]::sqlite3Fts3ReadBlock: 715 bytes
LLVM: wasm[0]::function[2389]::sqlite3Fts3GetVarint32: 223 bytes
LLVM: wasm[0]::function[2390]::fts3SegReaderIncrRead: 207 bytes
LLVM: wasm[0]::function[2391]::fts3ReversePoslist: 180 bytes
LLVM: wasm[0]::function[2392]::fts3CompareElemByTerm: 104 bytes
LLVM: wasm[0]::function[2393]::qsort: 975 bytes
LLVM: wasm[0]::function[2394]::fts3ScanInteriorNode: 1573 bytes
LLVM: wasm[0]::function[2395]::fts3SegmentMerge: 1010 bytes
LLVM: wasm[0]::function[2396]::fts3SegmentMaxLevel: 310 bytes
LLVM: wasm[0]::function[2397]::fts3AllocateSegdirIdx: 368 bytes
LLVM: wasm[0]::function[2398]::fts3DeleteSegdir: 448 bytes
LLVM: wasm[0]::function[2399]::fts3SegWriterAdd: 1566 bytes
LLVM: wasm[0]::function[2400]::fts3SegWriterFlush: 431 bytes
LLVM: wasm[0]::function[2401]::fts3PromoteSegments: 859 bytes
LLVM: wasm[0]::function[2402]::fts3SegWriterFree: 362 bytes
LLVM: wasm[0]::function[2403]::sqlite3Fts3SegReaderFinish: 182 bytes
LLVM: wasm[0]::function[2404]::fts3WriteSegment: 252 bytes
LLVM: wasm[0]::function[2405]::fts3NodeAddTerm: 1060 bytes
LLVM: wasm[0]::function[2406]::fts3DeleteSegment: 222 bytes
LLVM: wasm[0]::function[2407]::fts3NodeWrite: 404 bytes
LLVM: wasm[0]::function[2408]::fts3WriteSegdir: 462 bytes
LLVM: wasm[0]::function[2409]::fts3ReadEndBlockField: 336 bytes
LLVM: wasm[0]::function[2410]::fts3NodeFree: 420 bytes
LLVM: wasm[0]::function[2411]::fts3TreeFinishNode: 136 bytes
LLVM: wasm[0]::function[2412]::fts3SnippetFunc: 564 bytes
LLVM: wasm[0]::function[2413]::fts3FunctionArg: 243 bytes
LLVM: wasm[0]::function[2414]::sqlite3Fts3Snippet: 4504 bytes
LLVM: wasm[0]::function[2415]::fts3OffsetsFunc: 175 bytes
LLVM: wasm[0]::function[2416]::sqlite3Fts3Offsets: 2199 bytes
LLVM: wasm[0]::function[2417]::fts3OptimizeFunc: 205 bytes
LLVM: wasm[0]::function[2418]::sqlite3Fts3Optimize: 281 bytes
LLVM: wasm[0]::function[2419]::fts3MatchinfoFunc: 181 bytes
LLVM: wasm[0]::function[2420]::sqlite3Fts3Matchinfo: 165 bytes
LLVM: wasm[0]::function[2421]::fts3GetMatchinfo: 923 bytes
LLVM: wasm[0]::function[2422]::sqlite3Fts3MIBufferFree: 364 bytes
LLVM: wasm[0]::function[2423]::fts3ExprPhraseCountCb: 61 bytes
LLVM: wasm[0]::function[2424]::fts3ExprIterate2: 255 bytes
LLVM: wasm[0]::function[2425]::fts3MatchinfoCheck: 191 bytes
LLVM: wasm[0]::function[2426]::fts3MatchinfoSize: 256 bytes
LLVM: wasm[0]::function[2427]::fts3MIBufferNew: 326 bytes
LLVM: wasm[0]::function[2428]::fts3MIBufferAlloc: 250 bytes
LLVM: wasm[0]::function[2429]::fts3MatchinfoValues: 1704 bytes
LLVM: wasm[0]::function[2430]::fts3MIBufferFree: 396 bytes
LLVM: wasm[0]::function[2431]::fts3MatchinfoSelectDoctotal: 319 bytes
LLVM: wasm[0]::function[2432]::fts3SelectDocsize: 243 bytes
LLVM: wasm[0]::function[2433]::sqlite3Fts3GetVarintBounded: 398 bytes
LLVM: wasm[0]::function[2434]::fts3ExprLoadDoclistsCb: 79 bytes
LLVM: wasm[0]::function[2435]::fts3MatchinfoLcs: 1827 bytes
LLVM: wasm[0]::function[2436]::fts3ExprGlobalHitsCb: 81 bytes
LLVM: wasm[0]::function[2437]::sqlite3Fts3EvalTestDeferred: 304 bytes
LLVM: wasm[0]::function[2438]::fts3ExprLocalHitsCb: 321 bytes
LLVM: wasm[0]::function[2439]::fts3ExprLHitGather: 194 bytes
LLVM: wasm[0]::function[2440]::sqlite3Fts3SelectDoctotal: 249 bytes
LLVM: wasm[0]::function[2441]::fts3MatchinfoLcsCb: 53 bytes
LLVM: wasm[0]::function[2442]::sqlite3Fts3EvalPhrasePoslist: 1556 bytes
LLVM: wasm[0]::function[2443]::fts3LcsIteratorAdvance: 161 bytes
LLVM: wasm[0]::function[2444]::fts3ExprLHits: 737 bytes
LLVM: wasm[0]::function[2445]::sqlite3Fts3EvalPhraseStats: 264 bytes
LLVM: wasm[0]::function[2446]::sqlite3Fts3CacheDeferredDoclists: 4288 bytes
LLVM: wasm[0]::function[2447]::fts3EvalTestExpr: 785 bytes
LLVM: wasm[0]::function[2448]::fts3EvalRestart: 451 bytes
LLVM: wasm[0]::function[2449]::fts3EvalNextRow: 1360 bytes
LLVM: wasm[0]::function[2450]::sqlite3Fts3DoclistNext: 316 bytes
LLVM: wasm[0]::function[2451]::fts3EvalPhraseLoad: 292 bytes
LLVM: wasm[0]::function[2452]::fts3EvalPhraseNext: 180 bytes
LLVM: wasm[0]::function[2453]::fts3EvalIncrPhraseNext: 3257 bytes
LLVM: wasm[0]::function[2454]::fts3EvalDlPhraseNext: 389 bytes
LLVM: wasm[0]::function[2455]::sqlite3Fts3MsrIncrNext: 1975 bytes
LLVM: wasm[0]::function[2456]::fts3PoslistPhraseMerge: 3023 bytes
LLVM: wasm[0]::function[2457]::fts3TermSelect: 1000 bytes
LLVM: wasm[0]::function[2458]::fts3EvalPhraseMergeToken: 877 bytes
LLVM: wasm[0]::function[2459]::fts3TermSelectFinishMerge: 809 bytes
LLVM: wasm[0]::function[2460]::fts3TermSelectMerge: 560 bytes
LLVM: wasm[0]::function[2461]::fts3DoclistPhraseMerge: 1127 bytes
LLVM: wasm[0]::function[2462]::fts3DoclistOrMerge: 2047 bytes
LLVM: wasm[0]::function[2463]::fts3PoslistMerge: 1508 bytes
LLVM: wasm[0]::function[2464]::fts3ReadNextPos: 204 bytes
LLVM: wasm[0]::function[2465]::fts3PendingListAppendVarint: 384 bytes
LLVM: wasm[0]::function[2466]::fts3EvalNearTest: 875 bytes
LLVM: wasm[0]::function[2467]::fts3EvalDeferredPhrase: 1467 bytes
LLVM: wasm[0]::function[2468]::fts3EvalNearTrim: 278 bytes
LLVM: wasm[0]::function[2469]::sqlite3Fts3DeferredTokenList: 296 bytes
LLVM: wasm[0]::function[2470]::fts3PoslistNearMerge: 543 bytes
LLVM: wasm[0]::function[2471]::fts3EvalGatherStats: 706 bytes
LLVM: wasm[0]::function[2472]::fts3AllocateMSI: 171 bytes
LLVM: wasm[0]::function[2473]::fts3EvalUpdateCounts: 422 bytes
LLVM: wasm[0]::function[2474]::fts3DoOptimize: 519 bytes
LLVM: wasm[0]::function[2475]::fts3ExprRestartIfCb: 104 bytes
LLVM: wasm[0]::function[2476]::fts3ExprTermOffsetInit: 292 bytes
LLVM: wasm[0]::function[2477]::fts3GetDeltaPosition: 198 bytes
LLVM: wasm[0]::function[2478]::fts3StringAppend: 334 bytes
LLVM: wasm[0]::function[2479]::sqlite3Fts3MsrCancel: 226 bytes
LLVM: wasm[0]::function[2480]::fts3SnippetFindPositions: 260 bytes
LLVM: wasm[0]::function[2481]::fts3SnippetText: 1218 bytes
LLVM: wasm[0]::function[2482]::fts3SnippetShift: 785 bytes
LLVM: wasm[0]::function[2483]::fts3IncrmergeHintLoad: 434 bytes
LLVM: wasm[0]::function[2484]::fts3IncrmergeHintPop: 322 bytes
LLVM: wasm[0]::function[2485]::fts3IncrmergeOutputIdx: 217 bytes
LLVM: wasm[0]::function[2486]::fts3SegmentIsMaxLevel: 277 bytes
LLVM: wasm[0]::function[2487]::fts3IncrmergeCsr: 599 bytes
LLVM: wasm[0]::function[2488]::fts3IncrmergeLoad: 2061 bytes
LLVM: wasm[0]::function[2489]::fts3IncrmergeWriter: 732 bytes
LLVM: wasm[0]::function[2490]::fts3IncrmergeAppend: 737 bytes
LLVM: wasm[0]::function[2491]::fts3IncrmergeChomp: 388 bytes
LLVM: wasm[0]::function[2492]::fts3IncrmergeHintPush: 258 bytes
LLVM: wasm[0]::function[2493]::fts3IncrmergeRelease: 1605 bytes
LLVM: wasm[0]::function[2494]::fts3IncrmergeHintStore: 252 bytes
LLVM: wasm[0]::function[2495]::blobGrowBuffer: 152 bytes
LLVM: wasm[0]::function[2496]::fts3IsAppendable: 220 bytes
LLVM: wasm[0]::function[2497]::nodeReaderInit: 218 bytes
LLVM: wasm[0]::function[2498]::nodeReaderNext: 690 bytes
LLVM: wasm[0]::function[2499]::fts3TermCmp: 107 bytes
LLVM: wasm[0]::function[2500]::fts3IncrmergePush: 1182 bytes
LLVM: wasm[0]::function[2501]::fts3AppendToNode: 802 bytes
LLVM: wasm[0]::function[2502]::fts3RemoveSegdirEntry: 214 bytes
LLVM: wasm[0]::function[2503]::fts3TruncateSegment: 1113 bytes
LLVM: wasm[0]::function[2504]::fts3RepackSegdirLevel: 725 bytes
LLVM: wasm[0]::function[2505]::fts3TruncateNode: 758 bytes
LLVM: wasm[0]::function[2506]::fts3SpecialInsert: 2856 bytes
LLVM: wasm[0]::function[2507]::fts3Writelock: 181 bytes
LLVM: wasm[0]::function[2508]::fts3DeleteByRowid: 424 bytes
LLVM: wasm[0]::function[2509]::fts3InsertData: 554 bytes
LLVM: wasm[0]::function[2510]::fts3PendingTermsDocid: 177 bytes
LLVM: wasm[0]::function[2511]::fts3InsertTerms: 278 bytes
LLVM: wasm[0]::function[2512]::fts3InsertDocsize: 710 bytes
LLVM: wasm[0]::function[2513]::fts3UpdateDocTotals: 1935 bytes
LLVM: wasm[0]::function[2514]::fts3DoRebuild: 1526 bytes
LLVM: wasm[0]::function[2515]::fts3DoIncrmerge: 420 bytes
LLVM: wasm[0]::function[2516]::fts3DoAutoincrmerge: 370 bytes
LLVM: wasm[0]::function[2517]::fts3DeleteTerms: 565 bytes
LLVM: wasm[0]::function[2518]::fts3IsEmpty: 218 bytes
LLVM: wasm[0]::function[2519]::fts3DeleteAll: 302 bytes
LLVM: wasm[0]::function[2520]::fts3SqlExec: 172 bytes
LLVM: wasm[0]::function[2521]::fts3PendingTermsAdd: 937 bytes
LLVM: wasm[0]::function[2522]::fts3DecodeIntArray: 322 bytes
LLVM: wasm[0]::function[2523]::fts3PendingTermsAddOne: 350 bytes
LLVM: wasm[0]::function[2524]::fts3PendingListAppend: 416 bytes
LLVM: wasm[0]::function[2525]::sqlite3Fts3CreateStatTable: 149 bytes
LLVM: wasm[0]::function[2526]::fts3CursorFinalizeStmt: 143 bytes
LLVM: wasm[0]::function[2527]::sqlite3Fts3FreeDeferredTokens: 401 bytes
LLVM: wasm[0]::function[2528]::sqlite3Fts3ExprFree: 178 bytes
LLVM: wasm[0]::function[2529]::fts3FreeExprNode: 339 bytes
LLVM: wasm[0]::function[2530]::sqlite3Fts3EvalPhraseCleanup: 270 bytes
LLVM: wasm[0]::function[2531]::fts3ExprParseUnbalanced: 241 bytes
LLVM: wasm[0]::function[2532]::fts3ExprBalance: 1695 bytes
LLVM: wasm[0]::function[2533]::fts3ExprCheckDepth: 123 bytes
LLVM: wasm[0]::function[2534]::fts3EvalAllocateReaders: 353 bytes
LLVM: wasm[0]::function[2535]::fts3EvalTokenCosts: 436 bytes
LLVM: wasm[0]::function[2536]::fts3EvalSelectDeferred: 1096 bytes
LLVM: wasm[0]::function[2537]::fts3EvalStartReaders: 258 bytes
LLVM: wasm[0]::function[2538]::fts3TermSegReaderCursor: 686 bytes
LLVM: wasm[0]::function[2539]::sqlite3Fts3MsrOvfl: 385 bytes
LLVM: wasm[0]::function[2540]::fts3EvalAverageDocsize: 508 bytes
LLVM: wasm[0]::function[2541]::fts3DoclistCountDocids: 170 bytes
LLVM: wasm[0]::function[2542]::fts3EvalPhraseStart: 364 bytes
LLVM: wasm[0]::function[2543]::sqlite3Fts3MsrIncrStart: 383 bytes
LLVM: wasm[0]::function[2544]::fts3ExprParse: 1524 bytes
LLVM: wasm[0]::function[2545]::getNextNode: 1960 bytes
LLVM: wasm[0]::function[2546]::getNextString: 1561 bytes
LLVM: wasm[0]::function[2547]::getNextToken: 1211 bytes
LLVM: wasm[0]::function[2548]::fts3ReallocOrFree: 110 bytes
LLVM: wasm[0]::function[2549]::sqlite3Fts3InitTokenizer: 1364 bytes
LLVM: wasm[0]::function[2550]::fts3IsSpecialColumn: 195 bytes
LLVM: wasm[0]::function[2551]::fts3ContentColumns: 1224 bytes
LLVM: wasm[0]::function[2552]::fts3PrefixParameter: 449 bytes
LLVM: wasm[0]::function[2553]::sqlite3Fts3NextToken: 292 bytes
LLVM: wasm[0]::function[2554]::fts3ReadExprList: 740 bytes
LLVM: wasm[0]::function[2555]::fts3WriteExprList: 340 bytes
LLVM: wasm[0]::function[2556]::fts3CreateTables: 974 bytes
LLVM: wasm[0]::function[2557]::fts3DatabasePageSize: 331 bytes
LLVM: wasm[0]::function[2558]::fts3DeclareVtab: 555 bytes
LLVM: wasm[0]::function[2559]::fts3GobbleInt: 207 bytes
LLVM: wasm[0]::function[2560]::fts3QuoteId: 156 bytes
LLVM: wasm[0]::function[2561]::fts3Appendf: 495 bytes
LLVM: wasm[0]::function[2562]::unicodeCreate: 563 bytes
LLVM: wasm[0]::function[2563]::unicodeAddExceptions: 872 bytes
LLVM: wasm[0]::function[2564]::unicodeDestroy: 332 bytes
LLVM: wasm[0]::function[2565]::unicodeOpen: 213 bytes
LLVM: wasm[0]::function[2566]::unicodeClose: 82 bytes
LLVM: wasm[0]::function[2567]::unicodeNext: 1149 bytes
LLVM: wasm[0]::function[2568]::sqlite3FtsUnicodeIsalnum: 211 bytes
LLVM: wasm[0]::function[2569]::unicodeIsException: 117 bytes
LLVM: wasm[0]::function[2570]::sqlite3FtsUnicodeFold: 263 bytes
LLVM: wasm[0]::function[2571]::remove_diacritic: 184 bytes
LLVM: wasm[0]::function[2572]::porterCreate: 94 bytes
LLVM: wasm[0]::function[2573]::porterDestroy: 48 bytes
LLVM: wasm[0]::function[2574]::porterOpen: 188 bytes
LLVM: wasm[0]::function[2575]::porterClose: 82 bytes
LLVM: wasm[0]::function[2576]::porterNext: 440 bytes
LLVM: wasm[0]::function[2577]::porter_stemmer: 2940 bytes
LLVM: wasm[0]::function[2578]::m_gt_0: 215 bytes
LLVM: wasm[0]::function[2579]::stem: 270 bytes
LLVM: wasm[0]::function[2580]::isConsonant: 129 bytes
LLVM: wasm[0]::function[2581]::m_eq_1: 359 bytes
LLVM: wasm[0]::function[2582]::star_oh: 169 bytes
LLVM: wasm[0]::function[2583]::m_gt_1: 359 bytes
LLVM: wasm[0]::function[2584]::copy_stemmer: 270 bytes
LLVM: wasm[0]::function[2585]::simpleCreate: 566 bytes
LLVM: wasm[0]::function[2586]::simpleDestroy: 48 bytes
LLVM: wasm[0]::function[2587]::simpleOpen: 188 bytes
LLVM: wasm[0]::function[2588]::simpleClose: 82 bytes
LLVM: wasm[0]::function[2589]::simpleNext: 487 bytes
LLVM: wasm[0]::function[2590]::fts3auxConnectMethod: 715 bytes
LLVM: wasm[0]::function[2591]::fts3auxBestIndexMethod: 536 bytes
LLVM: wasm[0]::function[2592]::fts3auxDisconnectMethod: 811 bytes
LLVM: wasm[0]::function[2593]::fts3auxOpenMethod: 150 bytes
LLVM: wasm[0]::function[2594]::fts3auxCloseMethod: 427 bytes
LLVM: wasm[0]::function[2595]::fts3auxFilterMethod: 748 bytes
LLVM: wasm[0]::function[2596]::fts3auxNextMethod: 1077 bytes
LLVM: wasm[0]::function[2597]::fts3auxGrowStatArray: 205 bytes
LLVM: wasm[0]::function[2598]::fts3auxEofMethod: 48 bytes
LLVM: wasm[0]::function[2599]::fts3auxColumnMethod: 272 bytes
LLVM: wasm[0]::function[2600]::fts3auxRowidMethod: 57 bytes
LLVM: wasm[0]::function[2601]::geomCallback: 1569 bytes
LLVM: wasm[0]::function[2602]::rtreeFreeCallback: 419 bytes
LLVM: wasm[0]::function[2603]::rtreeMatchArgFree: 447 bytes
LLVM: wasm[0]::function[2604]::fcntl: 1220 bytes
LLVM: wasm[0]::function[2605]::__wasilibc_init_stdio: 849 bytes
LLVM: wasm[0]::function[2606]::fstat: 459 bytes
LLVM: wasm[0]::function[2607]::ftruncate: 896 bytes
LLVM: wasm[0]::function[2608]::read: 1111 bytes
LLVM: wasm[0]::function[2609]::__wasilibc_pollable_block_on: 677 bytes
LLVM: wasm[0]::function[2610]::dlfree: 1649 bytes
LLVM: wasm[0]::function[2611]::write: 1101 bytes
LLVM: wasm[0]::function[2612]::__main_void: 693 bytes
LLVM: wasm[0]::function[2613]::dlmalloc: 7175 bytes
LLVM: wasm[0]::function[2614]::wasip2_list_string_free: 155 bytes
LLVM: wasm[0]::function[2615]::_Exit: 61 bytes
LLVM: wasm[0]::function[2616]::exit_exit_with_code: 57 bytes
LLVM: wasm[0]::function[2617]::exit_exit: 62 bytes
LLVM: wasm[0]::function[2618]::close: 342 bytes
LLVM: wasm[0]::function[2619]::__wasilibc_populate_preopens: 1163 bytes
LLVM: wasm[0]::function[2620]::getcwd: 280 bytes
LLVM: wasm[0]::function[2621]::sqrt: 42 bytes
LLVM: wasm[0]::function[2622]::trunc: 44 bytes
LLVM: wasm[0]::function[2623]::__wasilibc_find_relpath: 657 bytes
LLVM: wasm[0]::function[2624]::__wasilibc_nocwd_openat_nomode: 1108 bytes
LLVM: wasm[0]::function[2625]::access: 1271 bytes
LLVM: wasm[0]::function[2626]::wasi_string_from_c: 432 bytes
LLVM: wasm[0]::function[2627]::readlink: 1147 bytes
LLVM: wasm[0]::function[2628]::stat: 169 bytes
LLVM: wasm[0]::function[2629]::__wasilibc_nocwd_fstatat: 1583 bytes
LLVM: wasm[0]::function[2630]::lstat: 172 bytes
LLVM: wasm[0]::function[2631]::__wasilibc_nocwd_utimensat: 1321 bytes
LLVM: wasm[0]::function[2632]::__wasilibc_nocwd___wasilibc_unlinkat: 971 bytes
LLVM: wasm[0]::function[2633]::rmdir: 147 bytes
LLVM: wasm[0]::function[2634]::__wasilibc_nocwd___wasilibc_rmdirat: 971 bytes
LLVM: wasm[0]::function[2635]::mkdir: 1008 bytes
LLVM: wasm[0]::function[2636]::__wasilibc_add_file: 402 bytes
LLVM: wasm[0]::function[2637]::descriptor_table_insert_entry: 513 bytes
LLVM: wasm[0]::function[2638]::file_free: 243 bytes
LLVM: wasm[0]::function[2639]::file_get_read_stream: 256 bytes
LLVM: wasm[0]::function[2640]::file_get_write_stream: 306 bytes
LLVM: wasm[0]::function[2641]::file_set_blocking: 68 bytes
LLVM: wasm[0]::function[2642]::file_fstat: 720 bytes
LLVM: wasm[0]::function[2643]::file_get_file: 55 bytes
LLVM: wasm[0]::function[2644]::file_seek: 373 bytes
LLVM: wasm[0]::function[2645]::file_seek_end: 188 bytes
LLVM: wasm[0]::function[2646]::file_fcntl_getfl: 235 bytes
LLVM: wasm[0]::function[2647]::file_fcntl_setfl: 62 bytes
LLVM: wasm[0]::function[2648]::__component_type_object_force_link_wasip2_public_use_in_this_compilation_unit: 46 bytes
LLVM: wasm[0]::function[2649]::cabi_realloc: 65 bytes
LLVM: wasm[0]::function[2650]::wasip2_list_tuple2_string_string_free: 195 bytes
LLVM: wasm[0]::function[2651]::stdio_free: 183 bytes
LLVM: wasm[0]::function[2652]::stdio_get_read_stream: 168 bytes
LLVM: wasm[0]::function[2653]::stdio_get_write_stream: 191 bytes
LLVM: wasm[0]::function[2654]::stdio_fstat: 79 bytes
LLVM: wasm[0]::function[2655]::stdio_fcntl_getfl: 63 bytes
LLVM: wasm[0]::function[2656]::stdio_isatty: 267 bytes
LLVM: wasm[0]::function[2657]::__strchrnul: 458 bytes
LLVM: wasm[0]::function[2658]::__wasm_call_dtors: 46 bytes
LLVM: wasm[0]::function[2659]::__stdio_exit: 1183 bytes
LLVM: wasm[0]::function[2660]::acos: 928 bytes
LLVM: wasm[0]::function[2661]::acosh: 216 bytes
LLVM: wasm[0]::function[2662]::log1p: 624 bytes
LLVM: wasm[0]::function[2663]::asin: 864 bytes
LLVM: wasm[0]::function[2664]::asinh: 336 bytes
LLVM: wasm[0]::function[2665]::atan: 832 bytes
LLVM: wasm[0]::function[2666]::atan2: 504 bytes
LLVM: wasm[0]::function[2667]::atanh: 240 bytes
LLVM: wasm[0]::function[2668]::cos: 1216 bytes
LLVM: wasm[0]::function[2669]::__rem_pio2: 1600 bytes
LLVM: wasm[0]::function[2670]::__rem_pio2_large: 6160 bytes
LLVM: wasm[0]::function[2671]::cosh: 272 bytes
LLVM: wasm[0]::function[2672]::expm1: 1728 bytes
LLVM: wasm[0]::function[2673]::exp: 624 bytes
LLVM: wasm[0]::function[2674]::fmod: 387 bytes
LLVM: wasm[0]::function[2675]::pow: 2032 bytes
LLVM: wasm[0]::function[2676]::sin: 1120 bytes
LLVM: wasm[0]::function[2677]::sinh: 376 bytes
LLVM: wasm[0]::function[2678]::tan: 1248 bytes
LLVM: wasm[0]::function[2679]::tanh: 368 bytes
LLVM: wasm[0]::function[2680]::__lockfile: 358 bytes
LLVM: wasm[0]::function[2681]::__fdopen: 924 bytes
LLVM: wasm[0]::function[2682]::__isatty: 433 bytes
LLVM: wasm[0]::function[2683]::__stdio_seek: 56 bytes
LLVM: wasm[0]::function[2684]::__stdio_write: 515 bytes
LLVM: wasm[0]::function[2685]::__stdio_read: 212 bytes
LLVM: wasm[0]::function[2686]::__stdio_close: 337 bytes
LLVM: wasm[0]::function[2687]::__fwritex: 576 bytes
LLVM: wasm[0]::function[2688]::fputs: 204 bytes
LLVM: wasm[0]::function[2689]::__stdout_write: 142 bytes
LLVM: wasm[0]::function[2690]::sift: 1085 bytes
LLVM: wasm[0]::function[2691]::trinkle: 1928 bytes
LLVM: wasm[0]::function[2692]::printf_core: 14484 bytes
LLVM: wasm[0]::function[2693]::pop_arg: 400 bytes
LLVM: wasm[0]::function[2694]::frexp: 192 bytes
LLVM: wasm[0]::function[2695]::long_double_not_supported: 56 bytes
LLVM: wasm[0]::function[2696]::dispose_chunk: 1611 bytes
LLVM: wasm[0]::function[2697]::__wasilibc_init_ssp: 166 bytes
LLVM: wasm[1]::function[0]: 136 bytes
LLVM: wasm[1]::function[1]: 143 bytes
LLVM: wasm[1]::function[2]: 138 bytes
LLVM: wasm[1]::function[3]: 158 bytes
LLVM: wasm[1]::function[4]: 138 bytes
LLVM: wasm[1]::function[5]: 143 bytes
LLVM: wasm[1]::function[6]: 143 bytes
LLVM: wasm[1]::function[7]: 138 bytes
LLVM: wasm[1]::function[8]: 138 bytes
LLVM: wasm[1]::function[9]: 143 bytes
LLVM: wasm[1]::function[10]: 138 bytes
LLVM: wasm[1]::function[11]: 158 bytes
LLVM: wasm[1]::function[12]: 138 bytes
LLVM: wasm[1]::function[13]: 164 bytes
LLVM: wasm[1]::function[14]: 198 bytes
LLVM: wasm[1]::function[15]: 180 bytes
LLVM: wasm[1]::function[16]: 158 bytes
LLVM: wasm[1]::function[17]: 160 bytes
LLVM: wasm[1]::function[18]: 160 bytes
LLVM: wasm[1]::function[19]: 140 bytes
LLVM: wasm[1]::function[20]: 166 bytes
LLVM: wasm[1]::function[21]: 124 bytes
LLVM: wasm[1]::function[22]: 124 bytes
LLVM: wasm[1]::function[23]: 124 bytes
LLVM: wasm[1]::function[24]: 124 bytes
LLVM: wasm[1]::function[25]: 124 bytes
LLVM: wasm[1]::function[26]: 124 bytes
LLVM: wasm[1]::function[27]: 124 bytes
LLVM: wasm[1]::function[28]: 140 bytes
