LLVM: wasm[0]::function[102]::__wasm_call_ctors: 67 bytes
LLVM: wasm[0]::function[103]::_start: 113 bytes
LLVM: wasm[0]::function[104]::__component_type_object_force_link_wasip2: 38 bytes
LLVM: wasm[0]::function[105]::__letf2: 202 bytes
LLVM: wasm[0]::function[106]::__getf2: 197 bytes
LLVM: wasm[0]::function[107]::__unordtf2: 109 bytes
LLVM: wasm[0]::function[108]::__ashlti3: 106 bytes
LLVM: wasm[0]::function[109]::__floatsitf: 220 bytes
LLVM: wasm[0]::function[110]::__extenddftf2: 313 bytes
LLVM: wasm[0]::function[111]::__lshrti3: 104 bytes
LLVM: wasm[0]::function[112]::__fe_getround: 40 bytes
LLVM: wasm[0]::function[113]::__fe_raise_inexact: 40 bytes
LLVM: wasm[0]::function[114]::__addtf3: 1666 bytes
LLVM: wasm[0]::function[115]::__floatditf: 234 bytes
LLVM: wasm[0]::function[116]::__multf3: 1689 bytes
LLVM: wasm[0]::function[117]::__fixtfdi: 213 bytes
LLVM: wasm[0]::function[118]::__udivmodti4: 914 bytes
LLVM: wasm[0]::function[119]::__udivti3: 133 bytes
LLVM: wasm[0]::function[120]::__multi3: 143 bytes
LLVM: wasm[0]::function[121]::__muloti4: 515 bytes
LLVM: wasm[0]::function[122]::__subtf3: 151 bytes
LLVM: wasm[0]::function[123]::listEmpty: 324 bytes
LLVM: wasm[0]::function[124]::free: 46 bytes
LLVM: wasm[0]::function[125]::listRelease: 383 bytes
LLVM: wasm[0]::function[126]::listAddNodeHead: 140 bytes
LLVM: wasm[0]::function[127]::zmalloc: 225 bytes
LLVM: wasm[0]::function[128]::listAddNodeTail: 142 bytes
LLVM: wasm[0]::function[129]::listDelNode: 270 bytes
LLVM: wasm[0]::function[130]::listDup: 1057 bytes
LLVM: wasm[0]::function[131]::listSearchKey: 335 bytes
LLVM: wasm[0]::function[132]::quicklistNew: 171 bytes
LLVM: wasm[0]::function[133]::quicklistRelease: 368 bytes
LLVM: wasm[0]::function[134]::__quicklistInsertPlainNode: 256 bytes
LLVM: wasm[0]::function[135]::__quicklistInsertNode: 318 bytes
LLVM: wasm[0]::function[136]::quicklistCreateNode: 104 bytes
LLVM: wasm[0]::function[137]::__quicklistCompressNode: 358 bytes
LLVM: wasm[0]::function[138]::__quicklistCompress: 955 bytes
LLVM: wasm[0]::function[139]::lzf_compress: 1468 bytes
LLVM: wasm[0]::function[140]::zrealloc: 412 bytes
LLVM: wasm[0]::function[141]::_serverAssert: 531 bytes
LLVM: wasm[0]::function[142]::lzf_decompress: 1712 bytes
LLVM: wasm[0]::function[143]::quicklistPushTail: 625 bytes
LLVM: wasm[0]::function[144]::lpInsert: 2496 bytes
LLVM: wasm[0]::function[145]::lpNew: 259 bytes
LLVM: wasm[0]::function[146]::lpAppend: 118 bytes
LLVM: wasm[0]::function[147]::quicklistAppendListpack: 211 bytes
LLVM: wasm[0]::function[148]::lpLength: 397 bytes
LLVM: wasm[0]::function[149]::quicklistAppendPlainNode: 186 bytes
LLVM: wasm[0]::function[150]::__quicklistDelNode: 551 bytes
LLVM: wasm[0]::function[151]::quicklistReplaceEntry: 1403 bytes
LLVM: wasm[0]::function[152]::_quicklistSplitNode: 425 bytes
LLVM: wasm[0]::function[153]::__quicklistCreateNode: 581 bytes
LLVM: wasm[0]::function[154]::lpSeek: 532 bytes
LLVM: wasm[0]::function[155]::quicklistDelIndex: 212 bytes
LLVM: wasm[0]::function[156]::_quicklistMergeNodes: 916 bytes
LLVM: wasm[0]::function[157]::_quicklistInsert: 3759 bytes
LLVM: wasm[0]::function[158]::__quicklistDecompressNode: 259 bytes
LLVM: wasm[0]::function[159]::lpValidateNext: 651 bytes
LLVM: wasm[0]::function[160]::lpPrepend: 269 bytes
LLVM: wasm[0]::function[161]::malloc: 46 bytes
LLVM: wasm[0]::function[162]::lpDeleteRange: 565 bytes
LLVM: wasm[0]::function[163]::_quicklistListpackMerge: 1347 bytes
LLVM: wasm[0]::function[164]::zrealloc_usable: 453 bytes
LLVM: wasm[0]::function[165]::quicklistNext: 1100 bytes
LLVM: wasm[0]::function[166]::lpPrev: 408 bytes
LLVM: wasm[0]::function[167]::lpNext: 219 bytes
LLVM: wasm[0]::function[168]::lpGetValue: 432 bytes
LLVM: wasm[0]::function[169]::quicklistDelRange: 1458 bytes
LLVM: wasm[0]::function[170]::quicklistGetIteratorAtIdx: 329 bytes
LLVM: wasm[0]::function[171]::quicklistPush: 916 bytes
LLVM: wasm[0]::function[172]::quicklistRepr: 1146 bytes
LLVM: wasm[0]::function[173]::printf: 100 bytes
LLVM: wasm[0]::function[174]::puts: 712 bytes
LLVM: wasm[0]::function[175]::lpRepr: 1776 bytes
LLVM: wasm[0]::function[176]::aeDeleteFileEvent: 393 bytes
LLVM: wasm[0]::function[177]::aeCreateTimeEvent: 336 bytes
LLVM: wasm[0]::function[178]::__clock_gettime: 315 bytes
LLVM: wasm[0]::function[179]::aeProcessEvents: 2744 bytes
LLVM: wasm[0]::function[180]::select: 176 bytes
LLVM: wasm[0]::function[181]::strerror: 109 bytes
LLVM: wasm[0]::function[182]::_serverPanic: 568 bytes
LLVM: wasm[0]::function[183]::anetSetError: 110 bytes
LLVM: wasm[0]::function[184]::vsnprintf: 249 bytes
LLVM: wasm[0]::function[185]::anetCloexec: 238 bytes
LLVM: wasm[0]::function[186]::fcntl: 714 bytes
LLVM: wasm[0]::function[187]::anetResolve: 283 bytes
LLVM: wasm[0]::function[188]::getaddrinfo: 3552 bytes
LLVM: wasm[0]::function[189]::gai_strerror: 356 bytes
LLVM: wasm[0]::function[190]::inet_ntop: 1227 bytes
LLVM: wasm[0]::function[191]::freeaddrinfo: 141 bytes
LLVM: wasm[0]::function[192]::anetTcpGenericConnect: 942 bytes
LLVM: wasm[0]::function[193]::snprintf: 259 bytes
LLVM: wasm[0]::function[194]::socket: 1068 bytes
LLVM: wasm[0]::function[195]::setsockopt: 531 bytes
LLVM: wasm[0]::function[196]::close: 341 bytes
LLVM: wasm[0]::function[197]::bind: 474 bytes
LLVM: wasm[0]::function[198]::connect: 474 bytes
LLVM: wasm[0]::function[199]::_anetTcpServer: 926 bytes
LLVM: wasm[0]::function[200]::strcmp: 122 bytes
LLVM: wasm[0]::function[201]::listen: 451 bytes
LLVM: wasm[0]::function[202]::anetTcpAccept: 666 bytes
LLVM: wasm[0]::function[203]::accept: 477 bytes
LLVM: wasm[0]::function[204]::ntohs: 51 bytes
LLVM: wasm[0]::function[205]::anetFdToString: 421 bytes
LLVM: wasm[0]::function[206]::getpeername: 474 bytes
LLVM: wasm[0]::function[207]::getsockname: 474 bytes
LLVM: wasm[0]::function[208]::dictGenHashFunction: 588 bytes
LLVM: wasm[0]::function[209]::dictGenCaseHashFunction: 1200 bytes
LLVM: wasm[0]::function[210]::dictCreate: 309 bytes
LLVM: wasm[0]::function[211]::dictTypeAddMeta: 424 bytes
LLVM: wasm[0]::function[212]::_dictResize: 931 bytes
LLVM: wasm[0]::function[213]::ztrycalloc: 134 bytes
LLVM: wasm[0]::function[214]::zcalloc: 230 bytes
LLVM: wasm[0]::function[215]::dictExpand: 120 bytes
LLVM: wasm[0]::function[216]::dictTryExpand: 182 bytes
LLVM: wasm[0]::function[217]::dictRehash: 775 bytes
LLVM: wasm[0]::function[218]::rehashEntriesInBucketAtIndex: 930 bytes
LLVM: wasm[0]::function[219]::_dictBucketRehash: 608 bytes
LLVM: wasm[0]::function[220]::dictAdd: 440 bytes
LLVM: wasm[0]::function[221]::dictFindPositionForInsert: 1133 bytes
LLVM: wasm[0]::function[222]::dictInsertAtPosition: 375 bytes
LLVM: wasm[0]::function[223]::dictExpandIfNeeded: 485 bytes
LLVM: wasm[0]::function[224]::dictDefaultCompare: 46 bytes
LLVM: wasm[0]::function[225]::dictReplace: 778 bytes
LLVM: wasm[0]::function[226]::dictGenericDelete: 1747 bytes
LLVM: wasm[0]::function[227]::dictShrinkIfNeeded: 477 bytes
LLVM: wasm[0]::function[228]::dictFreeUnlinkedEntry: 440 bytes
LLVM: wasm[0]::function[229]::_dictClear: 928 bytes
LLVM: wasm[0]::function[230]::dictRelease: 540 bytes
LLVM: wasm[0]::function[231]::dictFind: 1012 bytes
LLVM: wasm[0]::function[232]::dictFingerprint: 500 bytes
LLVM: wasm[0]::function[233]::dictNext: 660 bytes
LLVM: wasm[0]::function[234]::dictReleaseIterator: 220 bytes
LLVM: wasm[0]::function[235]::dictGetRandomKey: 665 bytes
LLVM: wasm[0]::function[236]::random: 113 bytes
LLVM: wasm[0]::function[237]::dictGetSomeKeys: 701 bytes
LLVM: wasm[0]::function[238]::dictScan: 1654 bytes
LLVM: wasm[0]::function[239]::dictGetStatsHt: 376 bytes
LLVM: wasm[0]::function[240]::dictGetStatsMsg: 620 bytes
LLVM: wasm[0]::function[241]::strlen: 160 bytes
LLVM: wasm[0]::function[242]::dictGetStats: 402 bytes
LLVM: wasm[0]::function[243]::ebAddToRax: 4533 bytes
LLVM: wasm[0]::function[244]::raxSeek: 2240 bytes
LLVM: wasm[0]::function[245]::raxIteratorNextStep: 1960 bytes
LLVM: wasm[0]::function[246]::raxGenericInsert: 5124 bytes
LLVM: wasm[0]::function[247]::ebSegAddAvail: 831 bytes
LLVM: wasm[0]::function[248]::raxRemove: 2378 bytes
LLVM: wasm[0]::function[249]::ebDestroy: 564 bytes
LLVM: wasm[0]::function[250]::raxRecursiveFreeWithCtx: 859 bytes
LLVM: wasm[0]::function[251]::ebRemove: 3667 bytes
LLVM: wasm[0]::function[252]::raxStop: 190 bytes
LLVM: wasm[0]::function[253]::raxFree: 158 bytes
LLVM: wasm[0]::function[254]::ebAdd: 1696 bytes
LLVM: wasm[0]::function[255]::ebExpire: 4665 bytes
LLVM: wasm[0]::function[256]::raxRecursiveFree: 412 bytes
LLVM: wasm[0]::function[257]::ebGetNextTimeToExpire: 722 bytes
LLVM: wasm[0]::function[258]::mstrFree: 217 bytes
LLVM: wasm[0]::function[259]::kvstoreCreate: 957 bytes
LLVM: wasm[0]::function[260]::kvstoreDictMetadataSize: 43 bytes
LLVM: wasm[0]::function[261]::kvstoreDictBucketChanged: 68 bytes
LLVM: wasm[0]::function[262]::kvstoreDictRehashingCompleted: 410 bytes
LLVM: wasm[0]::function[263]::kvstoreDictRehashingStarted: 267 bytes
LLVM: wasm[0]::function[264]::kvstoreEmpty: 1068 bytes
LLVM: wasm[0]::function[265]::kvstoreRelease: 636 bytes
LLVM: wasm[0]::function[266]::kvstoreScan: 548 bytes
LLVM: wasm[0]::function[267]::kvstoreGetNextNonEmptyDictIndex: 300 bytes
LLVM: wasm[0]::function[268]::kvstoreExpand: 1071 bytes
LLVM: wasm[0]::function[269]::kvstoreGetFairRandomDictIndex: 329 bytes
LLVM: wasm[0]::function[270]::kvstoreGetStats: 1704 bytes
LLVM: wasm[0]::function[271]::kvstoreIteratorNextDict: 440 bytes
LLVM: wasm[0]::function[272]::kvstoreIteratorInit: 229 bytes
LLVM: wasm[0]::function[273]::kvstoreIteratorRelease: 354 bytes
LLVM: wasm[0]::function[274]::kvstoreIteratorNext: 160 bytes
LLVM: wasm[0]::function[275]::kvstoreIncrementallyRehash: 541 bytes
LLVM: wasm[0]::function[276]::kvstoreGetDictIterator: 137 bytes
LLVM: wasm[0]::function[277]::kvstoreReleaseDictIterator: 390 bytes
LLVM: wasm[0]::function[278]::kvstoreDictExpand: 112 bytes
LLVM: wasm[0]::function[279]::kvstoreDictAddRaw: 747 bytes
LLVM: wasm[0]::function[280]::kvstoreDictDelete: 406 bytes
LLVM: wasm[0]::function[281]::serverLogRaw: 1283 bytes
LLVM: wasm[0]::function[282]::fopen: 746 bytes
LLVM: wasm[0]::function[283]::fputs: 204 bytes
LLVM: wasm[0]::function[284]::gettimeofday: 172 bytes
LLVM: wasm[0]::function[285]::strftime: 100 bytes
LLVM: wasm[0]::function[286]::fprintf: 90 bytes
LLVM: wasm[0]::function[287]::fflush: 637 bytes
LLVM: wasm[0]::function[288]::fclose: 333 bytes
LLVM: wasm[0]::function[289]::syslog: 175 bytes
LLVM: wasm[0]::function[290]::_serverLog: 138 bytes
LLVM: wasm[0]::function[291]::exitFromChild: 46 bytes
LLVM: wasm[0]::function[292]::_Exit: 61 bytes
LLVM: wasm[0]::function[293]::dictVanillaFree: 79 bytes
LLVM: wasm[0]::function[294]::dictListDestructor: 383 bytes
LLVM: wasm[0]::function[295]::dictDictDestructor: 48 bytes
LLVM: wasm[0]::function[296]::dictSdsKeyCompare: 284 bytes
LLVM: wasm[0]::function[297]::memcmp: 85 bytes
LLVM: wasm[0]::function[298]::dictSdsMstrKeyCompare: 392 bytes
LLVM: wasm[0]::function[299]::dictSdsKeyCaseCompare: 60 bytes
LLVM: wasm[0]::function[300]::strcasecmp: 214 bytes
LLVM: wasm[0]::function[301]::dictObjectDestructor: 52 bytes
LLVM: wasm[0]::function[302]::decrRefCount: 1588 bytes
LLVM: wasm[0]::function[303]::dictSdsDestructor: 103 bytes
LLVM: wasm[0]::function[304]::dictObjKeyCompare: 288 bytes
LLVM: wasm[0]::function[305]::dictObjHash: 160 bytes
LLVM: wasm[0]::function[306]::dictPtrHash: 288 bytes
LLVM: wasm[0]::function[307]::dictSdsHash: 152 bytes
LLVM: wasm[0]::function[308]::dictSdsCaseHash: 152 bytes
LLVM: wasm[0]::function[309]::dictCStrCaseHash: 72 bytes
LLVM: wasm[0]::function[310]::dictClientHash: 48 bytes
LLVM: wasm[0]::function[311]::dictClientKeyCompare: 63 bytes
LLVM: wasm[0]::function[312]::dictCStrKeyCaseCompare: 60 bytes
LLVM: wasm[0]::function[313]::dictEncObjKeyCompare: 516 bytes
LLVM: wasm[0]::function[314]::getDecodedObject: 530 bytes
LLVM: wasm[0]::function[315]::dictEncObjHash: 348 bytes
LLVM: wasm[0]::function[316]::ull2string: 581 bytes
LLVM: wasm[0]::function[317]::dictResizeAllowed: 348 bytes
LLVM: wasm[0]::function[318]::updateClientMemUsageAndBucket: 1089 bytes
LLVM: wasm[0]::function[319]::getClientMemoryUsage: 632 bytes
LLVM: wasm[0]::function[320]::enterExecutionUnit: 253 bytes
LLVM: wasm[0]::function[321]::serverCron: 22996 bytes
LLVM: wasm[0]::function[322]::prepareForShutdown: 509 bytes
LLVM: wasm[0]::function[323]::exit: 67 bytes
LLVM: wasm[0]::function[324]::finishShutdown: 2724 bytes
LLVM: wasm[0]::function[325]::freeClient: 6472 bytes
LLVM: wasm[0]::function[326]::addReplyErrorLength: 201 bytes
LLVM: wasm[0]::function[327]::afterErrorReply: 1706 bytes
LLVM: wasm[0]::function[328]::unblockClientOnError: 398 bytes
LLVM: wasm[0]::function[329]::crc16: 213 bytes
LLVM: wasm[0]::function[330]::clusterRedirectClient: 964 bytes
LLVM: wasm[0]::function[331]::sdsResize: 852 bytes
LLVM: wasm[0]::function[332]::closeClientOnOutputBufferLimitReached: 1023 bytes
LLVM: wasm[0]::function[333]::activeExpireCycle: 2792 bytes
LLVM: wasm[0]::function[334]::_serverAssertWithInfo: 1130 bytes
LLVM: wasm[0]::function[335]::calculateKeySlot: 516 bytes
LLVM: wasm[0]::function[336]::_sdsnewlen: 828 bytes
LLVM: wasm[0]::function[337]::deleteExpiredKeyAndPropagate: 685 bytes
LLVM: wasm[0]::function[338]::postExecutionUnitOperations: 1948 bytes
LLVM: wasm[0]::function[339]::rewriteAppendOnlyFileBackground: 539 bytes
LLVM: wasm[0]::function[340]::rdbSaveBackground: 242 bytes
LLVM: wasm[0]::function[341]::aofRewriteLimited: 259 bytes
LLVM: wasm[0]::function[342]::read: 687 bytes
LLVM: wasm[0]::function[343]::flushAppendOnlyFile: 3092 bytes
LLVM: wasm[0]::function[344]::updatePausedActions: 317 bytes
LLVM: wasm[0]::function[345]::updateFailoverStatus: 1107 bytes
LLVM: wasm[0]::function[346]::time: 157 bytes
LLVM: wasm[0]::function[347]::replicationAbortSyncTransfer: 510 bytes
LLVM: wasm[0]::function[348]::connectWithMaster: 839 bytes
LLVM: wasm[0]::function[349]::replicationSendAck: 471 bytes
LLVM: wasm[0]::function[350]::replicationFeedSlaves: 1632 bytes
LLVM: wasm[0]::function[351]::replicationGetSlaveName: 487 bytes
LLVM: wasm[0]::function[352]::getRandomBytes: 2151 bytes
LLVM: wasm[0]::function[353]::freeReplicationBacklog: 886 bytes
LLVM: wasm[0]::function[354]::startBgsaveForReplication: 953 bytes
LLVM: wasm[0]::function[355]::updateAnnouncedHostname: 436 bytes
LLVM: wasm[0]::function[356]::freeClusterLink: 792 bytes
LLVM: wasm[0]::function[357]::clusterDelNode: 1932 bytes
LLVM: wasm[0]::function[358]::clusterMsgSendBlockDecrRefCount: 139 bytes
LLVM: wasm[0]::function[359]::connectionByType: 1163 bytes
LLVM: wasm[0]::function[360]::clusterLinkConnectHandler: 601 bytes
LLVM: wasm[0]::function[361]::clusterSendPing: 2499 bytes
LLVM: wasm[0]::function[362]::markNodeAsFailingIfNeeded: 1004 bytes
LLVM: wasm[0]::function[363]::replicationSetMaster: 1613 bytes
LLVM: wasm[0]::function[364]::clusterHandleSlaveFailover: 1742 bytes
LLVM: wasm[0]::function[365]::clusterSetMaster: 977 bytes
LLVM: wasm[0]::function[366]::clusterUpdateState: 1272 bytes
LLVM: wasm[0]::function[367]::sentinelEvent: 1421 bytes
LLVM: wasm[0]::function[368]::sentinelHandleDictOfRedisInstances: 664 bytes
LLVM: wasm[0]::function[369]::rand: 77 bytes
LLVM: wasm[0]::function[370]::handleClientsWithPendingReadsUsingThreads: 187 bytes
LLVM: wasm[0]::function[371]::trackingLimitUsedSlots: 2576 bytes
LLVM: wasm[0]::function[372]::moduleFireServerEvent: 2604 bytes
LLVM: wasm[0]::function[373]::rdbRemoveTempFile: 547 bytes
LLVM: wasm[0]::function[374]::fsync: 887 bytes
LLVM: wasm[0]::function[375]::rdbSave: 654 bytes
LLVM: wasm[0]::function[376]::aofManifestFree: 880 bytes
LLVM: wasm[0]::function[377]::unlink: 157 bytes
LLVM: wasm[0]::function[378]::flushSlavesOutputBuffers: 369 bytes
LLVM: wasm[0]::function[379]::replyToClientsBlockedOnShutdown: 218 bytes
LLVM: wasm[0]::function[380]::beforeSleep: 11624 bytes
LLVM: wasm[0]::function[381]::connTypeProcessPendingData: 950 bytes
LLVM: wasm[0]::function[382]::handleClientsWithPendingWrites: 894 bytes
LLVM: wasm[0]::function[383]::freeClientsInAsyncFreeQueue: 405 bytes
LLVM: wasm[0]::function[384]::clusterSaveConfig: 1492 bytes
LLVM: wasm[0]::function[385]::unblockClientOnTimeout: 840 bytes
LLVM: wasm[0]::function[386]::unblockClient: 3800 bytes
LLVM: wasm[0]::function[387]::prepareClientToWrite: 300 bytes
LLVM: wasm[0]::function[388]::_addReplyToBufferOrList: 1516 bytes
LLVM: wasm[0]::function[389]::addReplyLongLong: 279 bytes
LLVM: wasm[0]::function[390]::handleClientsBlockedOnKeys: 3954 bytes
LLVM: wasm[0]::function[391]::RM_GetApi: 138 bytes
LLVM: wasm[0]::function[392]::moduleFreeContext: 1120 bytes
LLVM: wasm[0]::function[393]::moduleBlockedClientTimedOut: 770 bytes
LLVM: wasm[0]::function[394]::moduleReleaseTempClient: 624 bytes
LLVM: wasm[0]::function[395]::catClientInfoString: 2048 bytes
LLVM: wasm[0]::function[396]::incrementalTrimReplicationBacklog: 851 bytes
LLVM: wasm[0]::function[397]::updateStatsOnUnblock: 330 bytes
LLVM: wasm[0]::function[398]::moduleCallCommandUnblockedHandler: 1888 bytes
LLVM: wasm[0]::function[399]::processCommand: 4544 bytes
LLVM: wasm[0]::function[400]::commandProcessed: 472 bytes
LLVM: wasm[0]::function[401]::processInputBuffer: 5956 bytes
LLVM: wasm[0]::function[402]::trackingBuildBroadcastReply: 5552 bytes
LLVM: wasm[0]::function[403]::sendTrackingMessage: 1001 bytes
LLVM: wasm[0]::function[404]::evictClients: 952 bytes
LLVM: wasm[0]::function[405]::afterSleep: 688 bytes
LLVM: wasm[0]::function[406]::latencyAddSample: 909 bytes
LLVM: wasm[0]::function[407]::__localtime_r: 819 bytes
LLVM: wasm[0]::function[408]::createSharedObjects: 10661 bytes
LLVM: wasm[0]::function[409]::sdscatprintf: 90 bytes
LLVM: wasm[0]::function[410]::initServerClientMemUsageBuckets: 1453 bytes
LLVM: wasm[0]::function[411]::populateCommandStructure: 1788 bytes
LLVM: wasm[0]::function[412]::populateCommandLegacyRangeSpec: 614 bytes
LLVM: wasm[0]::function[413]::ACLGetCommandID: 984 bytes
LLVM: wasm[0]::function[414]::sdscatfmt: 2616 bytes
LLVM: wasm[0]::function[415]::catSubCommandFullname: 284 bytes
LLVM: wasm[0]::function[416]::commandAddSubcommand: 1005 bytes
LLVM: wasm[0]::function[417]::resetCommandTableStats: 559 bytes
LLVM: wasm[0]::function[418]::lookupSubcommand: 107 bytes
LLVM: wasm[0]::function[419]::lookupCommand: 240 bytes
LLVM: wasm[0]::function[420]::lookupCommandBySdsLogic: 964 bytes
LLVM: wasm[0]::function[421]::sdssplitlen: 827 bytes
LLVM: wasm[0]::function[422]::lookupCommandByCString: 396 bytes
LLVM: wasm[0]::function[423]::lookupCommandOrOriginal: 424 bytes
LLVM: wasm[0]::function[424]::alsoPropagate: 463 bytes
LLVM: wasm[0]::function[425]::updateCommandLatencyHistogram: 300 bytes
LLVM: wasm[0]::function[426]::hdr_init: 305 bytes
LLVM: wasm[0]::function[427]::createClient: 2749 bytes
LLVM: wasm[0]::function[428]::propagateNow: 3656 bytes
LLVM: wasm[0]::function[429]::unprotectClient: 493 bytes
LLVM: wasm[0]::function[430]::sdscatsds: 520 bytes
LLVM: wasm[0]::function[431]::_sdsMakeRoomFor: 1260 bytes
LLVM: wasm[0]::function[432]::call: 3252 bytes
LLVM: wasm[0]::function[433]::getMonotonicUs_posix: 147 bytes
LLVM: wasm[0]::function[434]::slowlogPushEntryIfNeeded: 2032 bytes
LLVM: wasm[0]::function[435]::replicationFeedMonitors: 1620 bytes
LLVM: wasm[0]::function[436]::execCommand: 1836 bytes
LLVM: wasm[0]::function[437]::getKeysFromCommand: 734 bytes
LLVM: wasm[0]::function[438]::raxFind: 542 bytes
LLVM: wasm[0]::function[439]::trackingHandlePendingKeyInvalidations: 764 bytes
LLVM: wasm[0]::function[440]::rejectCommand: 308 bytes
LLVM: wasm[0]::function[441]::execCommandAbort: 519 bytes
LLVM: wasm[0]::function[442]::addReply: 400 bytes
LLVM: wasm[0]::function[443]::rejectCommandSds: 232 bytes
LLVM: wasm[0]::function[444]::addReplyErrorSdsEx: 396 bytes
LLVM: wasm[0]::function[445]::rejectCommandFormat: 792 bytes
LLVM: wasm[0]::function[446]::sdscatvprintf: 772 bytes
LLVM: wasm[0]::function[447]::commandCheckExistence: 2020 bytes
LLVM: wasm[0]::function[448]::toupper: 52 bytes
LLVM: wasm[0]::function[449]::blockPostponeClient: 268 bytes
LLVM: wasm[0]::function[450]::sdsfree: 103 bytes
LLVM: wasm[0]::function[451]::debugCommand: 13124 bytes
LLVM: wasm[0]::function[452]::allowProtectedAction: 195 bytes
LLVM: wasm[0]::function[453]::moduleCommand: 2548 bytes
LLVM: wasm[0]::function[454]::ACLCheckAllUserCommandPerm: 373 bytes
LLVM: wasm[0]::function[455]::addACLLogEntry: 3160 bytes
LLVM: wasm[0]::function[456]::getAclErrorMessage: 848 bytes
LLVM: wasm[0]::function[457]::getNodeByQuery: 2288 bytes
LLVM: wasm[0]::function[458]::discardTransaction: 378 bytes
LLVM: wasm[0]::function[459]::performEvictions: 3188 bytes
LLVM: wasm[0]::function[460]::writeCommandsDeniedByDiskError: 130 bytes
LLVM: wasm[0]::function[461]::pingCommand: 473 bytes
LLVM: wasm[0]::function[462]::writeCommandsGetDiskErrorMessage: 452 bytes
LLVM: wasm[0]::function[463]::sdslen: 136 bytes
LLVM: wasm[0]::function[464]::sdssubstr: 472 bytes
LLVM: wasm[0]::function[465]::resetCommand: 161 bytes
LLVM: wasm[0]::function[466]::quitCommand: 81 bytes
LLVM: wasm[0]::function[467]::punsubscribeCommand: 654 bytes
LLVM: wasm[0]::function[468]::psubscribeCommand: 2069 bytes
LLVM: wasm[0]::function[469]::sunsubscribeCommand: 446 bytes
LLVM: wasm[0]::function[470]::unsubscribeCommand: 446 bytes
LLVM: wasm[0]::function[471]::ssubscribeCommand: 363 bytes
LLVM: wasm[0]::function[472]::subscribeCommand: 375 bytes
LLVM: wasm[0]::function[473]::watchCommand: 1359 bytes
LLVM: wasm[0]::function[474]::multiCommand: 145 bytes
LLVM: wasm[0]::function[475]::discardCommand: 458 bytes
LLVM: wasm[0]::function[476]::queueMultiCommand: 381 bytes
LLVM: wasm[0]::function[477]::addReplyErrorFormat: 90 bytes
LLVM: wasm[0]::function[478]::addReplyBulk: 315 bytes
LLVM: wasm[0]::function[479]::incrementErrorCount: 2460 bytes
LLVM: wasm[0]::function[480]::lazyFreeErrors: 215 bytes
LLVM: wasm[0]::function[481]::bioCreateLazyFreeJob: 253 bytes
LLVM: wasm[0]::function[482]::zfree: 77 bytes
LLVM: wasm[0]::function[483]::echoCommand: 62 bytes
LLVM: wasm[0]::function[484]::timeCommand: 354 bytes
LLVM: wasm[0]::function[485]::addReplyBulkCBuffer: 301 bytes
LLVM: wasm[0]::function[486]::addReplyFlagsForKeyArgs: 621 bytes
LLVM: wasm[0]::function[487]::_addReplyLongLongWithPrefix: 258 bytes
LLVM: wasm[0]::function[488]::addReplyStatus: 191 bytes
LLVM: wasm[0]::function[489]::addReplyCommandArgList: 2160 bytes
LLVM: wasm[0]::function[490]::addReplyArrayLen: 266 bytes
LLVM: wasm[0]::function[491]::addReplyCommandInfo: 5376 bytes
LLVM: wasm[0]::function[492]::addReplyDeferredLen: 597 bytes
LLVM: wasm[0]::function[493]::addReplyStatusFormat: 920 bytes
LLVM: wasm[0]::function[494]::setDeferredAggregateLen: 321 bytes
LLVM: wasm[0]::function[495]::addReplyCommandDocs: 3232 bytes
LLVM: wasm[0]::function[496]::RedisModuleCommandDispatcher: 630 bytes
LLVM: wasm[0]::function[497]::getKeysSubcommandImpl: 1609 bytes
LLVM: wasm[0]::function[498]::getKeysFromCommandWithSpecs: 2344 bytes
LLVM: wasm[0]::function[499]::commandGetKeysAndFlagsCommand: 51 bytes
LLVM: wasm[0]::function[500]::commandCommand: 413 bytes
LLVM: wasm[0]::function[501]::commandCountCommand: 68 bytes
LLVM: wasm[0]::function[502]::commandListWithFilter: 1564 bytes
LLVM: wasm[0]::function[503]::stringmatchlen_impl: 1219 bytes
LLVM: wasm[0]::function[504]::commandListWithoutFilter: 608 bytes
LLVM: wasm[0]::function[505]::commandListCommand: 952 bytes
LLVM: wasm[0]::function[506]::setDeferredReply: 1230 bytes
LLVM: wasm[0]::function[507]::commandInfoCommand: 552 bytes
LLVM: wasm[0]::function[508]::commandDocsCommand: 1056 bytes
LLVM: wasm[0]::function[509]::commandGetKeysCommand: 48 bytes
LLVM: wasm[0]::function[510]::commandHelpCommand: 54 bytes
LLVM: wasm[0]::function[511]::addExtendedReplyHelp: 1068 bytes
LLVM: wasm[0]::function[512]::bytesToHuman: 512 bytes
LLVM: wasm[0]::function[513]::fillPercentileDistributionLatencies: 1136 bytes
LLVM: wasm[0]::function[514]::strchr: 74 bytes
LLVM: wasm[0]::function[515]::genRedisInfoStringCommandStats: 1292 bytes
LLVM: wasm[0]::function[516]::genRedisInfoStringLatencyStats: 956 bytes
LLVM: wasm[0]::function[517]::genInfoSectionDict: 2778 bytes
LLVM: wasm[0]::function[518]::genRedisInfoString: 20124 bytes
LLVM: wasm[0]::function[519]::uname: 172 bytes
LLVM: wasm[0]::function[520]::crc64: 919 bytes
LLVM: wasm[0]::function[521]::sdscat: 432 bytes
LLVM: wasm[0]::function[522]::getMemoryOverheadData: 1468 bytes
LLVM: wasm[0]::function[523]::getrusage: 352 bytes
LLVM: wasm[0]::function[524]::sdstrim: 572 bytes
LLVM: wasm[0]::function[525]::modulesCollectInfo: 800 bytes
LLVM: wasm[0]::function[526]::infoCommand: 3116 bytes
LLVM: wasm[0]::function[527]::addReplyBulkSds: 676 bytes
LLVM: wasm[0]::function[528]::addReplyVerbatim: 388 bytes
LLVM: wasm[0]::function[529]::monitorCommand: 260 bytes
LLVM: wasm[0]::function[530]::getVersion: 349 bytes
LLVM: wasm[0]::function[531]::usage: 605 bytes
LLVM: wasm[0]::function[532]::fwrite: 703 bytes
LLVM: wasm[0]::function[533]::fputc: 393 bytes
LLVM: wasm[0]::function[534]::changeListener: 1235 bytes
LLVM: wasm[0]::function[535]::sendChildCowInfo: 80 bytes
LLVM: wasm[0]::function[536]::sendChildInfoGeneric: 665 bytes
LLVM: wasm[0]::function[537]::redisOutOfMemoryHandler: 150 bytes
LLVM: wasm[0]::function[538]::main: 52860 bytes
LLVM: wasm[0]::function[539]::srand: 51 bytes
LLVM: wasm[0]::function[540]::srandom: 1157 bytes
LLVM: wasm[0]::function[541]::_crc64: 502 bytes
LLVM: wasm[0]::function[542]::strrchr: 250 bytes
LLVM: wasm[0]::function[543]::strstr: 367 bytes
LLVM: wasm[0]::function[544]::ACLListMatchLoadedUser: 292 bytes
LLVM: wasm[0]::function[545]::ACLCreateUser: 920 bytes
LLVM: wasm[0]::function[546]::ACLSetUser: 2568 bytes
LLVM: wasm[0]::function[547]::moduleRegisterCoreAPI: 138034 bytes
LLVM: wasm[0]::function[548]::pipe: 52 bytes
LLVM: wasm[0]::function[549]::getAbsolutePath: 1660 bytes
LLVM: wasm[0]::function[550]::redis_check_rdb_main: 5360 bytes
LLVM: wasm[0]::function[551]::sdssplitargs: 3336 bytes
LLVM: wasm[0]::function[552]::sdscatrepr: 2420 bytes
LLVM: wasm[0]::function[553]::loadServerConfig: 8412 bytes
LLVM: wasm[0]::function[554]::sentinelHandleConfiguration: 4817 bytes
LLVM: wasm[0]::function[555]::access: 1270 bytes
LLVM: wasm[0]::function[556]::getenv: 275 bytes
LLVM: wasm[0]::function[557]::raise: 166 bytes
LLVM: wasm[0]::function[558]::unsetenv: 350 bytes
LLVM: wasm[0]::function[559]::signal: 83 bytes
LLVM: wasm[0]::function[560]::pthread_mutexattr_init: 52 bytes
LLVM: wasm[0]::function[561]::pthread_mutexattr_settype: 60 bytes
LLVM: wasm[0]::function[562]::pthread_mutex_init: 118 bytes
LLVM: wasm[0]::function[563]::__pthread_setcancelstate: 163 bytes
LLVM: wasm[0]::function[564]::pthread_setcanceltype: 143 bytes
LLVM: wasm[0]::function[565]::__pthread_self_internal: 141 bytes
LLVM: wasm[0]::function[566]::setlocale: 1609 bytes
LLVM: wasm[0]::function[567]::redis_check_aof_main: 2648 bytes
LLVM: wasm[0]::function[568]::modulePipeReadable: 577 bytes
LLVM: wasm[0]::function[569]::slowlogFreeEntry: 366 bytes
LLVM: wasm[0]::function[570]::ACLUpdateDefaultUserPassword: 828 bytes
LLVM: wasm[0]::function[571]::fileno: 124 bytes
LLVM: wasm[0]::function[572]::__isatty: 433 bytes
LLVM: wasm[0]::function[573]::open: 168 bytes
LLVM: wasm[0]::function[574]::fstat: 458 bytes
LLVM: wasm[0]::function[575]::clusterAddNodeToShard: 1147 bytes
LLVM: wasm[0]::function[576]::fgets: 935 bytes
LLVM: wasm[0]::function[577]::strtoull: 210 bytes
LLVM: wasm[0]::function[578]::createClusterNode: 1238 bytes
LLVM: wasm[0]::function[579]::sdscpylen: 548 bytes
LLVM: wasm[0]::function[580]::iscntrl: 55 bytes
LLVM: wasm[0]::function[581]::isalnum: 64 bytes
LLVM: wasm[0]::function[582]::memchr: 388 bytes
LLVM: wasm[0]::function[583]::atoi: 181 bytes
LLVM: wasm[0]::function[584]::sdsfreesplitres: 223 bytes
LLVM: wasm[0]::function[585]::clusterAddNode: 497 bytes
LLVM: wasm[0]::function[586]::clusterNodeSetSlotBit: 491 bytes
LLVM: wasm[0]::function[587]::clusterUpdateMyselfIp: 593 bytes
LLVM: wasm[0]::function[588]::updateAnnouncedHumanNodename: 436 bytes
LLVM: wasm[0]::function[589]::moduleLoad: 229 bytes
LLVM: wasm[0]::function[590]::ACLLoadFromFile: 7068 bytes
LLVM: wasm[0]::function[591]::connectionIndexByType: 1108 bytes
LLVM: wasm[0]::function[592]::connTypeOfCluster: 172 bytes
LLVM: wasm[0]::function[593]::clusterAcceptHandler: 1454 bytes
LLVM: wasm[0]::function[594]::pthread_cond_init: 159 bytes
LLVM: wasm[0]::function[595]::pthread_attr_init: 608 bytes
LLVM: wasm[0]::function[596]::aofLoadManifestFromDisk: 2073 bytes
LLVM: wasm[0]::function[597]::loadAppendOnlyFiles: 3972 bytes
LLVM: wasm[0]::function[598]::createReplicationBacklog: 317 bytes
LLVM: wasm[0]::function[599]::rdbLoad: 1024 bytes
LLVM: wasm[0]::function[600]::unlinkClient: 2162 bytes
LLVM: wasm[0]::function[601]::rewriteConfig: 20216 bytes
LLVM: wasm[0]::function[602]::mkdir: 1007 bytes
LLVM: wasm[0]::function[603]::stat: 171 bytes
LLVM: wasm[0]::function[604]::getNewBaseFileNameAndMarkPreAsHistory: 625 bytes
LLVM: wasm[0]::function[605]::rewriteAppendOnlyFile: 6268 bytes
LLVM: wasm[0]::function[606]::getAofManifestAsString: 391 bytes
LLVM: wasm[0]::function[607]::writeAofManifestFile: 1992 bytes
LLVM: wasm[0]::function[608]::getAppendOnlyFileSize: 783 bytes
LLVM: wasm[0]::function[609]::aofDelHistoryFiles: 991 bytes
LLVM: wasm[0]::function[610]::sdsempty: 200 bytes
LLVM: wasm[0]::function[611]::sdsnew: 235 bytes
LLVM: wasm[0]::function[612]::sdsdup: 156 bytes
LLVM: wasm[0]::function[613]::sdsclear: 144 bytes
LLVM: wasm[0]::function[614]::sdsRemoveFreeSpace: 156 bytes
LLVM: wasm[0]::function[615]::sdsAllocSize: 152 bytes
LLVM: wasm[0]::function[616]::sdsIncrLen: 624 bytes
LLVM: wasm[0]::function[617]::sdsgrowzero: 412 bytes
LLVM: wasm[0]::function[618]::sdscatlen: 412 bytes
LLVM: wasm[0]::function[619]::sdsfromlonglong: 175 bytes
LLVM: wasm[0]::function[620]::sdscmp: 300 bytes
LLVM: wasm[0]::function[621]::sdsmapchars: 216 bytes
LLVM: wasm[0]::function[622]::sdsjoin: 355 bytes
LLVM: wasm[0]::function[623]::zmalloc_default_oom: 114 bytes
LLVM: wasm[0]::function[624]::abort: 38 bytes
LLVM: wasm[0]::function[625]::ztrymalloc: 129 bytes
LLVM: wasm[0]::function[626]::zcalloc_num: 353 bytes
LLVM: wasm[0]::function[627]::calloc: 175 bytes
LLVM: wasm[0]::function[628]::realloc: 1171 bytes
LLVM: wasm[0]::function[629]::zstrdup: 148 bytes
LLVM: wasm[0]::function[630]::_pqsort: 6263 bytes
LLVM: wasm[0]::function[631]::zipmapNext: 250 bytes
LLVM: wasm[0]::function[632]::zipmapValidateIntegrity: 337 bytes
LLVM: wasm[0]::function[633]::SHA1Transform: 5056 bytes
LLVM: wasm[0]::function[634]::SHA1Update: 395 bytes
LLVM: wasm[0]::function[635]::SHA1Final: 489 bytes
LLVM: wasm[0]::function[636]::ziplistGet: 640 bytes
LLVM: wasm[0]::function[637]::ziplistValidateIntegrity: 663 bytes
LLVM: wasm[0]::function[638]::zipEntrySafe: 1396 bytes
LLVM: wasm[0]::function[639]::getStringObjectSdsUsedMemory: 162 bytes
LLVM: wasm[0]::function[640]::getStringObjectLen: 252 bytes
LLVM: wasm[0]::function[641]::dupClientReplyValue: 140 bytes
LLVM: wasm[0]::function[642]::freeClientReplyValue: 77 bytes
LLVM: wasm[0]::function[643]::connKeepAlive: 386 bytes
LLVM: wasm[0]::function[644]::readQueryFromClient: 3232 bytes
LLVM: wasm[0]::function[645]::freeReplicaReferencedReplBuffer: 134 bytes
LLVM: wasm[0]::function[646]::getClientPeerId: 506 bytes
LLVM: wasm[0]::function[647]::getClientSockname: 506 bytes
LLVM: wasm[0]::function[648]::setProtocolError: 932 bytes
LLVM: wasm[0]::function[649]::addReplyError: 122 bytes
LLVM: wasm[0]::function[650]::resetClient: 786 bytes
LLVM: wasm[0]::function[651]::unwatchAllKeys: 649 bytes
LLVM: wasm[0]::function[652]::pubsubUnsubscribeAllChannelsInternal: 1148 bytes
LLVM: wasm[0]::function[653]::pubsubUnsubscribePattern: 438 bytes
LLVM: wasm[0]::function[654]::rdbPipeReadHandler: 2230 bytes
LLVM: wasm[0]::function[655]::disableTracking: 1139 bytes
LLVM: wasm[0]::function[656]::askingCommand: 148 bytes
LLVM: wasm[0]::function[657]::clientCommand: 9700 bytes
LLVM: wasm[0]::function[658]::feedReplicationBuffer: 1562 bytes
LLVM: wasm[0]::function[659]::getLongLongFromObject: 628 bytes
LLVM: wasm[0]::function[660]::getRangeLongFromObjectOrReply: 444 bytes
LLVM: wasm[0]::function[661]::sdslen.527: 136 bytes
LLVM: wasm[0]::function[662]::addReplyErrorObject: 208 bytes
LLVM: wasm[0]::function[663]::getLongLongFromObjectOrReply: 270 bytes
LLVM: wasm[0]::function[664]::lookupClientByID: 145 bytes
LLVM: wasm[0]::function[665]::clientSetName: 512 bytes
LLVM: wasm[0]::function[666]::addReplyNull: 136 bytes
LLVM: wasm[0]::function[667]::checkPrefixCollisionsOrReply: 1540 bytes
LLVM: wasm[0]::function[668]::enableTracking: 796 bytes
LLVM: wasm[0]::function[669]::addReplyMapLen: 152 bytes
LLVM: wasm[0]::function[670]::addReplySubcommandSyntaxError: 640 bytes
LLVM: wasm[0]::function[671]::getTimeoutFromObjectOrReply: 633 bytes
LLVM: wasm[0]::function[672]::pauseClientsByClient: 121 bytes
LLVM: wasm[0]::function[673]::getAllClientsInfoString: 944 bytes
LLVM: wasm[0]::function[674]::addReplyErrorFormatInternal: 932 bytes
LLVM: wasm[0]::function[675]::stringObjectLen: 208 bytes
LLVM: wasm[0]::function[676]::logInvalidUseAndFreeClientAsync: 922 bytes
LLVM: wasm[0]::function[677]::putClientInPendingWriteQueue: 163 bytes
LLVM: wasm[0]::function[678]::sendReplyToClient: 61 bytes
LLVM: wasm[0]::function[679]::writeToClient: 2134 bytes
LLVM: wasm[0]::function[680]::_writevToClient: 1351 bytes
LLVM: wasm[0]::function[681]::freeClientAsync: 317 bytes
LLVM: wasm[0]::function[682]::addReplySds: 300 bytes
LLVM: wasm[0]::function[683]::addReplyOrErrorObject: 404 bytes
LLVM: wasm[0]::function[684]::setDeferredArrayLen: 261 bytes
LLVM: wasm[0]::function[685]::addReplyDouble: 724 bytes
LLVM: wasm[0]::function[686]::d2string: 424 bytes
LLVM: wasm[0]::function[687]::addReplyBigNum: 211 bytes
LLVM: wasm[0]::function[688]::addReplyHumanLongDouble: 510 bytes
LLVM: wasm[0]::function[689]::ld2string: 678 bytes
LLVM: wasm[0]::function[690]::addReplySetLen: 156 bytes
LLVM: wasm[0]::function[691]::addReplyAttributeLen: 259 bytes
LLVM: wasm[0]::function[692]::addReplyPushLen: 275 bytes
LLVM: wasm[0]::function[693]::addReplyBool: 156 bytes
LLVM: wasm[0]::function[694]::addReplyNullArray: 136 bytes
LLVM: wasm[0]::function[695]::addReplyBulkCString: 187 bytes
LLVM: wasm[0]::function[696]::addReplyBulkLongLong: 187 bytes
LLVM: wasm[0]::function[697]::copyReplicaOutputBuffer: 142 bytes
LLVM: wasm[0]::function[698]::clientAcceptHandler: 1055 bytes
LLVM: wasm[0]::function[699]::freeClientArgv: 217 bytes
LLVM: wasm[0]::function[700]::disconnectSlaves: 120 bytes
LLVM: wasm[0]::function[701]::clearClientConnectionState: 1520 bytes
LLVM: wasm[0]::function[702]::deauthenticateAndCloseClient: 350 bytes
LLVM: wasm[0]::function[703]::protectClient: 316 bytes
LLVM: wasm[0]::function[704]::clientSetinfoCommand: 580 bytes
LLVM: wasm[0]::function[705]::helloCommand: 3148 bytes
LLVM: wasm[0]::function[706]::checkModuleAuthentication: 2522 bytes
LLVM: wasm[0]::function[707]::checkPasswordBasedAuth: 1488 bytes
LLVM: wasm[0]::function[708]::addReplyLoadedModules: 1076 bytes
LLVM: wasm[0]::function[709]::redactClientCommandArgument: 268 bytes
LLVM: wasm[0]::function[710]::rewriteClientCommandVector: 441 bytes
LLVM: wasm[0]::function[711]::replaceClientCommandVector: 536 bytes
LLVM: wasm[0]::function[712]::rewriteClientCommandArgument: 833 bytes
LLVM: wasm[0]::function[713]::processEventsWhileBlocked: 1283 bytes
LLVM: wasm[0]::function[714]::tolower: 52 bytes
LLVM: wasm[0]::function[715]::stringmatchlen_fuzz_test: 330 bytes
LLVM: wasm[0]::function[716]::memtoull: 642 bytes
LLVM: wasm[0]::function[717]::sdigits10: 693 bytes
LLVM: wasm[0]::function[718]::string2ll: 338 bytes
LLVM: wasm[0]::function[719]::string2ull: 542 bytes
LLVM: wasm[0]::function[720]::fpconv_dtoa: 4064 bytes
LLVM: wasm[0]::function[721]::fixedpoint_d2string: 688 bytes
LLVM: wasm[0]::function[722]::llrint: 96 bytes
LLVM: wasm[0]::function[723]::fread: 687 bytes
LLVM: wasm[0]::function[724]::sha256_transform: 803 bytes
LLVM: wasm[0]::function[725]::sha256_final: 636 bytes
LLVM: wasm[0]::function[726]::getRandomHexChars: 356 bytes
LLVM: wasm[0]::function[727]::getcwd: 241 bytes
LLVM: wasm[0]::function[728]::makePath: 284 bytes
LLVM: wasm[0]::function[729]::fsyncFileDir: 350 bytes
LLVM: wasm[0]::function[730]::dirname: 302 bytes
LLVM: wasm[0]::function[731]::createStringObject: 328 bytes
LLVM: wasm[0]::function[732]::createStringObjectFromLongLongWithOptions: 388 bytes
LLVM: wasm[0]::function[733]::createStringObjectFromLongLong: 378 bytes
LLVM: wasm[0]::function[734]::createStringObjectFromLongLongWithSds: 293 bytes
LLVM: wasm[0]::function[735]::dupStringObject: 656 bytes
LLVM: wasm[0]::function[736]::createQuicklistObject: 222 bytes
LLVM: wasm[0]::function[737]::createSetListpackObject: 258 bytes
LLVM: wasm[0]::function[738]::createHashObject: 258 bytes
LLVM: wasm[0]::function[739]::createZsetObject: 526 bytes
LLVM: wasm[0]::function[740]::createStreamObject: 312 bytes
LLVM: wasm[0]::function[741]::createModuleObject: 139 bytes
LLVM: wasm[0]::function[742]::freeSetObject: 150 bytes
LLVM: wasm[0]::function[743]::incrRefCount: 99 bytes
LLVM: wasm[0]::function[744]::lpFree: 77 bytes
LLVM: wasm[0]::function[745]::streamFreeCG: 343 bytes
LLVM: wasm[0]::function[746]::checkType: 252 bytes
LLVM: wasm[0]::function[747]::trimStringObjectIfNeeded: 472 bytes
LLVM: wasm[0]::function[748]::tryObjectEncodingEx: 1168 bytes
LLVM: wasm[0]::function[749]::compareStringObjectsWithFlags: 732 bytes
LLVM: wasm[0]::function[750]::strcoll: 138 bytes
LLVM: wasm[0]::function[751]::getDoubleFromObject: 584 bytes
LLVM: wasm[0]::function[752]::strtod: 205 bytes
LLVM: wasm[0]::function[753]::getLongDoubleFromObjectOrReply: 560 bytes
LLVM: wasm[0]::function[754]::strtold: 46 bytes
LLVM: wasm[0]::function[755]::getLongFromObjectOrReply: 353 bytes
LLVM: wasm[0]::function[756]::getPositiveLongFromObjectOrReply: 323 bytes
LLVM: wasm[0]::function[757]::objectSetLRUOrLFU: 228 bytes
LLVM: wasm[0]::function[758]::objectCommandLookupOrReply: 110 bytes
LLVM: wasm[0]::function[759]::lookupKey: 832 bytes
LLVM: wasm[0]::function[760]::objectCommand: 787 bytes
LLVM: wasm[0]::function[761]::LFUDecrAndReturn: 130 bytes
LLVM: wasm[0]::function[762]::memoryCommand: 9060 bytes
LLVM: wasm[0]::function[763]::expireIfNeeded: 535 bytes
LLVM: wasm[0]::function[764]::touchCommand: 187 bytes
LLVM: wasm[0]::function[765]::notifyKeyspaceEvent: 2376 bytes
LLVM: wasm[0]::function[766]::sdslen.1007: 136 bytes
LLVM: wasm[0]::function[767]::dbGenericDelete: 2924 bytes
LLVM: wasm[0]::function[768]::touchWatchedKey: 525 bytes
LLVM: wasm[0]::function[769]::trackingInvalidateKey: 1728 bytes
LLVM: wasm[0]::function[770]::signalKeyAsReadyLogic: 635 bytes
LLVM: wasm[0]::function[771]::freeObjAsync: 1091 bytes
LLVM: wasm[0]::function[772]::dbFind: 147 bytes
LLVM: wasm[0]::function[773]::dbAddInternal: 952 bytes
LLVM: wasm[0]::function[774]::dbSetValue: 1277 bytes
LLVM: wasm[0]::function[775]::dbAddRDBLoad: 452 bytes
LLVM: wasm[0]::function[776]::setKey: 405 bytes
LLVM: wasm[0]::function[777]::removeExpire: 130 bytes
LLVM: wasm[0]::function[778]::dbRandomKey: 1136 bytes
LLVM: wasm[0]::function[779]::dbUnshareStringValue: 380 bytes
LLVM: wasm[0]::function[780]::emptyData: 854 bytes
LLVM: wasm[0]::function[781]::scanDatabaseForDeletedKeys: 1073 bytes
LLVM: wasm[0]::function[782]::touchAllWatchedKeysInDb: 1315 bytes
LLVM: wasm[0]::function[783]::trackingInvalidateKeysOnFlush: 872 bytes
LLVM: wasm[0]::function[784]::emptyDbAsync: 339 bytes
LLVM: wasm[0]::function[785]::discardTempDb: 283 bytes
LLVM: wasm[0]::function[786]::flushallSyncBgDone: 381 bytes
LLVM: wasm[0]::function[787]::flushCommandCommon: 1188 bytes
LLVM: wasm[0]::function[788]::bioProcessJob: 812 bytes
LLVM: wasm[0]::function[789]::flushallCommand: 51 bytes
LLVM: wasm[0]::function[790]::flushdbCommand: 48 bytes
LLVM: wasm[0]::function[791]::delGenericCommand: 608 bytes
LLVM: wasm[0]::function[792]::delCommand: 56 bytes
LLVM: wasm[0]::function[793]::unlinkCommand: 51 bytes
LLVM: wasm[0]::function[794]::existsCommand: 187 bytes
LLVM: wasm[0]::function[795]::selectCommand: 331 bytes
LLVM: wasm[0]::function[796]::randomkeyCommand: 200 bytes
LLVM: wasm[0]::function[797]::keysCommand: 1820 bytes
LLVM: wasm[0]::function[798]::patternHashSlot: 606 bytes
LLVM: wasm[0]::function[799]::keyIsExpired: 252 bytes
LLVM: wasm[0]::function[800]::scanCallback: 1516 bytes
LLVM: wasm[0]::function[801]::scanGenericCommand: 7224 bytes
LLVM: wasm[0]::function[802]::moduleTypeLookupModuleByNameInternal: 738 bytes
LLVM: wasm[0]::function[803]::hfieldlen: 116 bytes
LLVM: wasm[0]::function[804]::setTypeInitIterator: 236 bytes
LLVM: wasm[0]::function[805]::setTypeNext: 780 bytes
LLVM: wasm[0]::function[806]::lpGet: 532 bytes
LLVM: wasm[0]::function[807]::lpSkip: 244 bytes
LLVM: wasm[0]::function[808]::setTypeReleaseIterator: 296 bytes
LLVM: wasm[0]::function[809]::scanCommand: 211 bytes
LLVM: wasm[0]::function[810]::dbsizeCommand: 110 bytes
LLVM: wasm[0]::function[811]::lastsaveCommand: 57 bytes
LLVM: wasm[0]::function[812]::typeCommand: 195 bytes
LLVM: wasm[0]::function[813]::shutdownCommand: 1548 bytes
LLVM: wasm[0]::function[814]::renameGenericCommand: 1636 bytes
LLVM: wasm[0]::function[815]::setExpire: 1340 bytes
LLVM: wasm[0]::function[816]::getExpire: 200 bytes
LLVM: wasm[0]::function[817]::renameCommand: 48 bytes
LLVM: wasm[0]::function[818]::renamenxCommand: 51 bytes
LLVM: wasm[0]::function[819]::moveCommand: 1380 bytes
LLVM: wasm[0]::function[820]::hashTypeRemoveFromExpires: 282 bytes
LLVM: wasm[0]::function[821]::hashTypeAddToExpires: 182 bytes
LLVM: wasm[0]::function[822]::copyCommand: 2680 bytes
LLVM: wasm[0]::function[823]::listTypeDup: 1048 bytes
LLVM: wasm[0]::function[824]::setTypeDup: 1568 bytes
LLVM: wasm[0]::function[825]::zsetDup: 1148 bytes
LLVM: wasm[0]::function[826]::hashTypeDup: 3668 bytes
LLVM: wasm[0]::function[827]::streamDup: 3884 bytes
LLVM: wasm[0]::function[828]::moduleTypeDupOrReply: 607 bytes
LLVM: wasm[0]::function[829]::scanDatabaseForReadyKeys: 579 bytes
LLVM: wasm[0]::function[830]::swapMainDbWithTempDb: 427 bytes
LLVM: wasm[0]::function[831]::swapdbCommand: 737 bytes
LLVM: wasm[0]::function[832]::propagateDeletion: 334 bytes
LLVM: wasm[0]::function[833]::dbExpand: 677 bytes
LLVM: wasm[0]::function[834]::dbExpandExpires: 505 bytes
LLVM: wasm[0]::function[835]::moduleGetCommandKeysViaAPI: 892 bytes
LLVM: wasm[0]::function[836]::genericGetKeys: 648 bytes
LLVM: wasm[0]::function[837]::sintercardGetKeys: 75 bytes
LLVM: wasm[0]::function[838]::zunionInterDiffStoreGetKeys: 78 bytes
LLVM: wasm[0]::function[839]::zunionInterDiffGetKeys: 75 bytes
LLVM: wasm[0]::function[840]::lmpopGetKeys: 75 bytes
LLVM: wasm[0]::function[841]::blmpopGetKeys: 75 bytes
LLVM: wasm[0]::function[842]::zmpopGetKeys: 75 bytes
LLVM: wasm[0]::function[843]::sortROGetKeys: 295 bytes
LLVM: wasm[0]::function[844]::sortGetKeys: 601 bytes
LLVM: wasm[0]::function[845]::migrateGetKeys: 900 bytes
LLVM: wasm[0]::function[846]::georadiusGetKeys: 518 bytes
LLVM: wasm[0]::function[847]::xreadGetKeys: 642 bytes
LLVM: wasm[0]::function[848]::setGetKeys: 434 bytes
LLVM: wasm[0]::function[849]::bitfieldGetKeys: 553 bytes
LLVM: wasm[0]::function[850]::bg_unlink: 241 bytes
LLVM: wasm[0]::function[851]::lazyFreeReplicationBacklogRefMem: 545 bytes
LLVM: wasm[0]::function[852]::replicationSetupSlaveForFullResync: 327 bytes
LLVM: wasm[0]::function[853]::masterTryPartialResynchronization: 2450 bytes
LLVM: wasm[0]::function[854]::raxIteratorPrevStep: 1221 bytes
LLVM: wasm[0]::function[855]::syncCommand: 2007 bytes
LLVM: wasm[0]::function[856]::replicationUnsetMaster: 1013 bytes
LLVM: wasm[0]::function[857]::connDisableTcpNoDelay: 159 bytes
LLVM: wasm[0]::function[858]::restartAOFAfterSYNC: 750 bytes
LLVM: wasm[0]::function[859]::cancelReplicationHandshake: 326 bytes
LLVM: wasm[0]::function[860]::startAppendOnly: 1779 bytes
LLVM: wasm[0]::function[861]::sleep: 115 bytes
LLVM: wasm[0]::function[862]::syncWithMaster: 7608 bytes
LLVM: wasm[0]::function[863]::sendCommand: 1396 bytes
LLVM: wasm[0]::function[864]::strncmp: 122 bytes
LLVM: wasm[0]::function[865]::receiveSynchronousResponse: 455 bytes
LLVM: wasm[0]::function[866]::slaveTryPartialResynchronization: 4132 bytes
LLVM: wasm[0]::function[867]::clearFailoverState: 176 bytes
LLVM: wasm[0]::function[868]::useDisklessLoad: 298 bytes
LLVM: wasm[0]::function[869]::readSyncBulkPayload: 7516 bytes
LLVM: wasm[0]::function[870]::abortFailover: 353 bytes
LLVM: wasm[0]::function[871]::strtoll: 213 bytes
LLVM: wasm[0]::function[872]::raxNew: 203 bytes
LLVM: wasm[0]::function[873]::moduleAllDatatypesHandleErrors: 412 bytes
LLVM: wasm[0]::function[874]::moduleAllModulesHandleReplAsyncLoad: 373 bytes
LLVM: wasm[0]::function[875]::strtol: 209 bytes
LLVM: wasm[0]::function[876]::write: 687 bytes
LLVM: wasm[0]::function[877]::ftruncate: 893 bytes
LLVM: wasm[0]::function[878]::stopAppendOnly: 597 bytes
LLVM: wasm[0]::function[879]::replicationAttachToNewMaster: 256 bytes
LLVM: wasm[0]::function[880]::replicationEmptyDbCallback: 241 bytes
LLVM: wasm[0]::function[881]::rdbLoadRioWithLoadingCtx: 7440 bytes
LLVM: wasm[0]::function[882]::rioRead: 437 bytes
LLVM: wasm[0]::function[883]::stopLoading: 123 bytes
LLVM: wasm[0]::function[884]::rioFreeConn: 125 bytes
LLVM: wasm[0]::function[885]::connNonBlock: 180 bytes
LLVM: wasm[0]::function[886]::connRecvTimeout: 200 bytes
LLVM: wasm[0]::function[887]::rename: 1886 bytes
LLVM: wasm[0]::function[888]::bioCreateCloseJob: 182 bytes
LLVM: wasm[0]::function[889]::changeReplicationId: 203 bytes
LLVM: wasm[0]::function[890]::replconfCommand: 2236 bytes
LLVM: wasm[0]::function[891]::replicaStartCommandStream: 194 bytes
LLVM: wasm[0]::function[892]::rdbPipeWriteHandler: 972 bytes
LLVM: wasm[0]::function[893]::replicaofCommand: 851 bytes
LLVM: wasm[0]::function[894]::roleCommand: 2237 bytes
LLVM: wasm[0]::function[895]::replicationCountAOFAcksByOffset: 119 bytes
LLVM: wasm[0]::function[896]::waitCommand: 435 bytes
LLVM: wasm[0]::function[897]::blockForReplication: 430 bytes
LLVM: wasm[0]::function[898]::waitaofCommand: 530 bytes
LLVM: wasm[0]::function[899]::blockForAofFsync: 441 bytes
LLVM: wasm[0]::function[900]::findReplica: 407 bytes
LLVM: wasm[0]::function[901]::failoverCommand: 1740 bytes
LLVM: wasm[0]::function[902]::rdbReportError: 722 bytes
LLVM: wasm[0]::function[903]::rdbCheckError: 508 bytes
LLVM: wasm[0]::function[904]::rioRead.1397: 438 bytes
LLVM: wasm[0]::function[905]::rdbLoadMillisecondTime: 499 bytes
LLVM: wasm[0]::function[906]::rdbSaveLen: 2248 bytes
LLVM: wasm[0]::function[907]::htonl: 58 bytes
LLVM: wasm[0]::function[908]::rdbLoadLenByRef: 1592 bytes
LLVM: wasm[0]::function[909]::ntohl: 58 bytes
LLVM: wasm[0]::function[910]::rdbSaveLzfBlob: 953 bytes
LLVM: wasm[0]::function[911]::rdbSaveRawString: 1587 bytes
LLVM: wasm[0]::function[912]::rdbSaveStringObject: 800 bytes
LLVM: wasm[0]::function[913]::rdbGenericLoadStringObject: 4174 bytes
LLVM: wasm[0]::function[914]::hfieldNew: 716 bytes
LLVM: wasm[0]::function[915]::hfieldTryNew: 716 bytes
LLVM: wasm[0]::function[916]::rdbSaveObjectType: 3920 bytes
LLVM: wasm[0]::function[917]::rdbLoadObjectType: 404 bytes
LLVM: wasm[0]::function[918]::rdbSaveStreamPEL: 2019 bytes
LLVM: wasm[0]::function[919]::rdbSaveStreamConsumers: 1627 bytes
LLVM: wasm[0]::function[920]::rdbSaveObject: 6484 bytes
LLVM: wasm[0]::function[921]::listpackExGetMinExpire: 452 bytes
LLVM: wasm[0]::function[922]::rdbSavedObjectLen: 116 bytes
LLVM: wasm[0]::function[923]::rdbSaveAuxFieldStrStr: 475 bytes
LLVM: wasm[0]::function[924]::rdbSaveAuxFieldStrInt: 578 bytes
LLVM: wasm[0]::function[925]::rdbSaveRio: 6620 bytes
LLVM: wasm[0]::function[926]::rioGenericUpdateChecksum: 72 bytes
LLVM: wasm[0]::function[927]::rdbSaveModulesAux: 3028 bytes
LLVM: wasm[0]::function[928]::usleep: 147 bytes
LLVM: wasm[0]::function[929]::rdbSaveInternal: 754 bytes
LLVM: wasm[0]::function[930]::rdbLoadCheckModuleValue: 1346 bytes
LLVM: wasm[0]::function[931]::ziplistPairsConvertAndValidateIntegrity: 170 bytes
LLVM: wasm[0]::function[932]::_ziplistPairsEntryConvertAndValidate: 1213 bytes
LLVM: wasm[0]::function[933]::lpAppendInteger: 391 bytes
LLVM: wasm[0]::function[934]::lpValidateIntegrityAndDups: 1976 bytes
LLVM: wasm[0]::function[935]::rdbLoadObject: 21792 bytes
LLVM: wasm[0]::function[936]::listTypeTryConversionRaw: 1384 bytes
LLVM: wasm[0]::function[937]::intsetAdd: 1059 bytes
LLVM: wasm[0]::function[938]::setTypeConvertAndExpand: 3489 bytes
LLVM: wasm[0]::function[939]::lpFindCmp: 432 bytes
LLVM: wasm[0]::function[940]::lpFindCb: 1168 bytes
LLVM: wasm[0]::function[941]::sscanf: 197 bytes
LLVM: wasm[0]::function[942]::zslInsert: 1708 bytes
LLVM: wasm[0]::function[943]::zsetLength: 124 bytes
LLVM: wasm[0]::function[944]::zsetConvert: 177 bytes
LLVM: wasm[0]::function[945]::hashTypeConvert: 5228 bytes
LLVM: wasm[0]::function[946]::sdslen.1472: 136 bytes
LLVM: wasm[0]::function[947]::listpackExAddNew: 316 bytes
LLVM: wasm[0]::function[948]::lpValidateIntegrity: 581 bytes
LLVM: wasm[0]::function[949]::_ziplistEntryConvertAndValidate: 255 bytes
LLVM: wasm[0]::function[950]::lpShrinkToFit: 307 bytes
LLVM: wasm[0]::function[951]::hashTypeLength: 1829 bytes
LLVM: wasm[0]::function[952]::_listZiplistEntryConvertAndValidate: 274 bytes
LLVM: wasm[0]::function[953]::intsetValidateIntegrity: 300 bytes
LLVM: wasm[0]::function[954]::setTypeConvert: 200 bytes
LLVM: wasm[0]::function[955]::setTypeSize: 139 bytes
LLVM: wasm[0]::function[956]::streamValidateListpackIntegrity: 2298 bytes
LLVM: wasm[0]::function[957]::lpFirst: 166 bytes
LLVM: wasm[0]::function[958]::streamGetEdgeID: 483 bytes
LLVM: wasm[0]::function[959]::streamEstimateDistanceFromFirstEverEntry: 424 bytes
LLVM: wasm[0]::function[960]::streamCreateCG: 674 bytes
LLVM: wasm[0]::function[961]::streamCreateConsumer: 688 bytes
LLVM: wasm[0]::function[962]::moduleTypeLookupModuleByID: 635 bytes
LLVM: wasm[0]::function[963]::moduleTypeNameByID: 242 bytes
LLVM: wasm[0]::function[964]::rdbLoadProgressCallback: 680 bytes
LLVM: wasm[0]::function[965]::rioConnRead: 1816 bytes
LLVM: wasm[0]::function[966]::rdbFunctionLoad: 295 bytes
LLVM: wasm[0]::function[967]::hashTypeGetMinExpire: 248 bytes
LLVM: wasm[0]::function[968]::moduleNotifyKeyspaceEvent: 1098 bytes
LLVM: wasm[0]::function[969]::debugDelay: 97 bytes
LLVM: wasm[0]::function[970]::saveCommand: 576 bytes
LLVM: wasm[0]::function[971]::rdbPopulateSaveInfo: 217 bytes
LLVM: wasm[0]::function[972]::bgsaveCommand: 772 bytes
LLVM: wasm[0]::function[973]::setGenericCommand: 1820 bytes
LLVM: wasm[0]::function[974]::parseExtendedStringArgumentsOrReply: 1256 bytes
LLVM: wasm[0]::function[975]::setCommand: 260 bytes
LLVM: wasm[0]::function[976]::setnxCommand: 153 bytes
LLVM: wasm[0]::function[977]::setexCommand: 144 bytes
LLVM: wasm[0]::function[978]::psetexCommand: 144 bytes
LLVM: wasm[0]::function[979]::getCommand: 316 bytes
LLVM: wasm[0]::function[980]::getexCommand: 1508 bytes
LLVM: wasm[0]::function[981]::getdelCommand: 580 bytes
LLVM: wasm[0]::function[982]::getsetCommand: 496 bytes
LLVM: wasm[0]::function[983]::setrangeCommand: 1892 bytes
LLVM: wasm[0]::function[984]::getrangeCommand: 820 bytes
LLVM: wasm[0]::function[985]::sdslen.1591: 136 bytes
LLVM: wasm[0]::function[986]::mgetCommand: 294 bytes
LLVM: wasm[0]::function[987]::msetGenericCommand: 903 bytes
LLVM: wasm[0]::function[988]::msetCommand: 48 bytes
LLVM: wasm[0]::function[989]::msetnxCommand: 51 bytes
LLVM: wasm[0]::function[990]::incrDecrCommand: 912 bytes
LLVM: wasm[0]::function[991]::incrCommand: 51 bytes
LLVM: wasm[0]::function[992]::decrCommand: 53 bytes
LLVM: wasm[0]::function[993]::incrbyCommand: 202 bytes
LLVM: wasm[0]::function[994]::decrbyCommand: 248 bytes
LLVM: wasm[0]::function[995]::incrbyfloatCommand: 1044 bytes
LLVM: wasm[0]::function[996]::appendCommand: 1504 bytes
LLVM: wasm[0]::function[997]::strlenCommand: 320 bytes
LLVM: wasm[0]::function[998]::lcsCommand: 3404 bytes
LLVM: wasm[0]::function[999]::listTypePush: 1344 bytes
LLVM: wasm[0]::function[1000]::listPopSaver: 328 bytes
LLVM: wasm[0]::function[1001]::listTypePop: 1738 bytes
LLVM: wasm[0]::function[1002]::listTypeInitIterator: 497 bytes
LLVM: wasm[0]::function[1003]::listTypeSetIteratorDirection: 382 bytes
LLVM: wasm[0]::function[1004]::listTypeReleaseIterator: 239 bytes
LLVM: wasm[0]::function[1005]::listTypeNext: 395 bytes
LLVM: wasm[0]::function[1006]::listTypeGet: 740 bytes
LLVM: wasm[0]::function[1007]::listTypeInsert: 396 bytes
LLVM: wasm[0]::function[1008]::listTypeEqual: 460 bytes
LLVM: wasm[0]::function[1009]::lpCompare: 748 bytes
LLVM: wasm[0]::function[1010]::listTypeDelete: 612 bytes
LLVM: wasm[0]::function[1011]::pushGenericCommand: 1004 bytes
LLVM: wasm[0]::function[1012]::lpushCommand: 51 bytes
LLVM: wasm[0]::function[1013]::rpushCommand: 54 bytes
LLVM: wasm[0]::function[1014]::lpushxCommand: 54 bytes
LLVM: wasm[0]::function[1015]::rpushxCommand: 57 bytes
LLVM: wasm[0]::function[1016]::linsertCommand: 1596 bytes
LLVM: wasm[0]::function[1017]::llenCommand: 396 bytes
LLVM: wasm[0]::function[1018]::lindexCommand: 1488 bytes
LLVM: wasm[0]::function[1019]::lsetCommand: 1568 bytes
LLVM: wasm[0]::function[1020]::listPopRangeAndReplyWithKey: 445 bytes
LLVM: wasm[0]::function[1021]::addListRangeReply: 2316 bytes
LLVM: wasm[0]::function[1022]::listElementsRemoved: 386 bytes
LLVM: wasm[0]::function[1023]::popGenericCommand: 984 bytes
LLVM: wasm[0]::function[1024]::mpopGenericCommand: 808 bytes
LLVM: wasm[0]::function[1025]::lpopCommand: 48 bytes
LLVM: wasm[0]::function[1026]::rpopCommand: 51 bytes
LLVM: wasm[0]::function[1027]::lrangeCommand: 464 bytes
LLVM: wasm[0]::function[1028]::ltrimCommand: 1156 bytes
LLVM: wasm[0]::function[1029]::lposCommand: 2492 bytes
LLVM: wasm[0]::function[1030]::lremCommand: 1536 bytes
LLVM: wasm[0]::function[1031]::lmoveGenericCommand: 1496 bytes
LLVM: wasm[0]::function[1032]::blmoveCommand: 600 bytes
LLVM: wasm[0]::function[1033]::brpoplpushCommand: 162 bytes
LLVM: wasm[0]::function[1034]::blmoveGenericCommand: 624 bytes
LLVM: wasm[0]::function[1035]::blockForKeys: 3141 bytes
LLVM: wasm[0]::function[1036]::lmoveCommand: 500 bytes
LLVM: wasm[0]::function[1037]::rpoplpushCommand: 54 bytes
LLVM: wasm[0]::function[1038]::blockingPopGenericCommand: 1248 bytes
LLVM: wasm[0]::function[1039]::blpopCommand: 79 bytes
LLVM: wasm[0]::function[1040]::brpopCommand: 82 bytes
LLVM: wasm[0]::function[1041]::lmpopGenericCommand: 1104 bytes
LLVM: wasm[0]::function[1042]::lmpopCommand: 54 bytes
LLVM: wasm[0]::function[1043]::blmpopCommand: 57 bytes
LLVM: wasm[0]::function[1044]::setTypeCreate: 1108 bytes
LLVM: wasm[0]::function[1045]::setTypeAddAux: 3332 bytes
LLVM: wasm[0]::function[1046]::setTypeRemoveAux: 1120 bytes
LLVM: wasm[0]::function[1047]::intsetRemove: 465 bytes
LLVM: wasm[0]::function[1048]::setTypeIsMemberAux: 1094 bytes
LLVM: wasm[0]::function[1049]::intsetSearch: 428 bytes
LLVM: wasm[0]::function[1050]::setTypeNextObject: 229 bytes
LLVM: wasm[0]::function[1051]::setTypeRandomElement: 720 bytes
LLVM: wasm[0]::function[1052]::setTypePopRandom: 1688 bytes
LLVM: wasm[0]::function[1053]::lpNextRandom: 592 bytes
LLVM: wasm[0]::function[1054]::saddCommand: 2000 bytes
LLVM: wasm[0]::function[1055]::sremCommand: 1032 bytes
LLVM: wasm[0]::function[1056]::smoveCommand: 1456 bytes
LLVM: wasm[0]::function[1057]::sismemberCommand: 504 bytes
LLVM: wasm[0]::function[1058]::smismemberCommand: 608 bytes
LLVM: wasm[0]::function[1059]::scardCommand: 428 bytes
LLVM: wasm[0]::function[1060]::sunionDiffGenericCommand: 5448 bytes
LLVM: wasm[0]::function[1061]::qsortCompareSetsByRevCardinality: 351 bytes
LLVM: wasm[0]::function[1062]::qsort: 975 bytes
LLVM: wasm[0]::function[1063]::spopCommand: 5920 bytes
LLVM: wasm[0]::function[1064]::lpBatchDelete: 775 bytes
LLVM: wasm[0]::function[1065]::srandmemberCommand: 6324 bytes
LLVM: wasm[0]::function[1066]::uintCompare: 54 bytes
LLVM: wasm[0]::function[1067]::qsortCompareSetsByCardinality: 583 bytes
LLVM: wasm[0]::function[1068]::sinterGenericCommand: 5172 bytes
LLVM: wasm[0]::function[1069]::sinterCommand: 78 bytes
LLVM: wasm[0]::function[1070]::sinterCardCommand: 636 bytes
LLVM: wasm[0]::function[1071]::sinterstoreCommand: 83 bytes
LLVM: wasm[0]::function[1072]::sunionCommand: 85 bytes
LLVM: wasm[0]::function[1073]::sunionstoreCommand: 90 bytes
LLVM: wasm[0]::function[1074]::sdiffCommand: 85 bytes
LLVM: wasm[0]::function[1075]::sdiffstoreCommand: 90 bytes
LLVM: wasm[0]::function[1076]::sscanCommand: 464 bytes
LLVM: wasm[0]::function[1077]::zslNthInRange: 1192 bytes
LLVM: wasm[0]::function[1078]::zslDeleteRangeByScore: 761 bytes
LLVM: wasm[0]::function[1079]::zslDeleteRangeByLex: 1912 bytes
LLVM: wasm[0]::function[1080]::zslLexValueGteMin: 492 bytes
LLVM: wasm[0]::function[1081]::zslLexValueLteMax: 760 bytes
LLVM: wasm[0]::function[1082]::zslDeleteRangeByRank: 874 bytes
LLVM: wasm[0]::function[1083]::zslGetRank: 904 bytes
LLVM: wasm[0]::function[1084]::zslParseLexRangeItem: 360 bytes
LLVM: wasm[0]::function[1085]::zslFreeLexRange: 252 bytes
LLVM: wasm[0]::function[1086]::zslParseLexRange: 397 bytes
LLVM: wasm[0]::function[1087]::zslNthInLexRange: 4300 bytes
LLVM: wasm[0]::function[1088]::zzlGetScore: 564 bytes
LLVM: wasm[0]::function[1089]::zzlNext: 414 bytes
LLVM: wasm[0]::function[1090]::zzlIsInRange: 1208 bytes
LLVM: wasm[0]::function[1091]::zzlFirstInRange: 996 bytes
LLVM: wasm[0]::function[1092]::zzlLastInRange: 988 bytes
LLVM: wasm[0]::function[1093]::zzlLexValueGteMin: 1064 bytes
LLVM: wasm[0]::function[1094]::zzlLexValueLteMax: 1356 bytes
LLVM: wasm[0]::function[1095]::zzlIsInLexRange: 524 bytes
LLVM: wasm[0]::function[1096]::zzlFirstInLexRange: 485 bytes
LLVM: wasm[0]::function[1097]::zzlLastInLexRange: 240 bytes
LLVM: wasm[0]::function[1098]::zzlFind: 996 bytes
LLVM: wasm[0]::function[1099]::zzlInsertAt: 808 bytes
LLVM: wasm[0]::function[1100]::lpInsertInteger: 344 bytes
LLVM: wasm[0]::function[1101]::zzlInsert: 1596 bytes
LLVM: wasm[0]::function[1102]::zzlDeleteRangeByScore: 864 bytes
LLVM: wasm[0]::function[1103]::lpDeleteRangeWithEntry: 733 bytes
LLVM: wasm[0]::function[1104]::zzlDeleteRangeByLex: 356 bytes
LLVM: wasm[0]::function[1105]::zsetTypeCreate: 407 bytes
LLVM: wasm[0]::function[1106]::zsetConvertAndExpand: 3420 bytes
LLVM: wasm[0]::function[1107]::zsetConvertToListpackIfNeeded: 205 bytes
LLVM: wasm[0]::function[1108]::zsetScore: 249 bytes
LLVM: wasm[0]::function[1109]::zsetAdd: 3384 bytes
LLVM: wasm[0]::function[1110]::zsetDel: 1908 bytes
LLVM: wasm[0]::function[1111]::zsetTypeRandomElement: 660 bytes
LLVM: wasm[0]::function[1112]::lpRandomPair: 1108 bytes
LLVM: wasm[0]::function[1113]::zaddGenericCommand: 2160 bytes
LLVM: wasm[0]::function[1114]::sdslen.1724: 136 bytes
LLVM: wasm[0]::function[1115]::zaddCommand: 48 bytes
LLVM: wasm[0]::function[1116]::zincrbyCommand: 51 bytes
LLVM: wasm[0]::function[1117]::zremCommand: 848 bytes
LLVM: wasm[0]::function[1118]::zremrangeGenericCommand: 1684 bytes
LLVM: wasm[0]::function[1119]::zslParseRange: 480 bytes
LLVM: wasm[0]::function[1120]::zremrangebyrankCommand: 51 bytes
LLVM: wasm[0]::function[1121]::zremrangebyscoreCommand: 51 bytes
LLVM: wasm[0]::function[1122]::zremrangebylexCommand: 51 bytes
LLVM: wasm[0]::function[1123]::zuiInitIterator: 750 bytes
LLVM: wasm[0]::function[1124]::zuiClearIterator: 386 bytes
LLVM: wasm[0]::function[1125]::zuiLength: 276 bytes
LLVM: wasm[0]::function[1126]::zuiNext: 1632 bytes
LLVM: wasm[0]::function[1127]::zuiFind: 728 bytes
LLVM: wasm[0]::function[1128]::zuiCompareByCardinality: 95 bytes
LLVM: wasm[0]::function[1129]::zunionInterDiffGenericCommand: 7312 bytes
LLVM: wasm[0]::function[1130]::zdiff: 5716 bytes
LLVM: wasm[0]::function[1131]::zuiCompareByRevCardinality: 95 bytes
LLVM: wasm[0]::function[1132]::zunionstoreCommand: 86 bytes
LLVM: wasm[0]::function[1133]::zinterstoreCommand: 89 bytes
LLVM: wasm[0]::function[1134]::zdiffstoreCommand: 89 bytes
LLVM: wasm[0]::function[1135]::zunionCommand: 72 bytes
LLVM: wasm[0]::function[1136]::zinterCommand: 75 bytes
LLVM: wasm[0]::function[1137]::zinterCardCommand: 75 bytes
LLVM: wasm[0]::function[1138]::zdiffCommand: 75 bytes
LLVM: wasm[0]::function[1139]::genericZrangebyrankCommand: 3228 bytes
LLVM: wasm[0]::function[1140]::zrangestoreCommand: 202 bytes
LLVM: wasm[0]::function[1141]::zrangeResultEmitLongLongForStore: 356 bytes
LLVM: wasm[0]::function[1142]::zrangeResultEmitCBufferForStore: 278 bytes
LLVM: wasm[0]::function[1143]::zrangeResultFinalizeStore: 382 bytes
LLVM: wasm[0]::function[1144]::zrangeResultBeginStore: 408 bytes
LLVM: wasm[0]::function[1145]::zrangeGenericCommand: 2304 bytes
LLVM: wasm[0]::function[1146]::genericZrangebyscoreCommand: 3788 bytes
LLVM: wasm[0]::function[1147]::genericZrangebylexCommand: 4960 bytes
LLVM: wasm[0]::function[1148]::zrangeCommand: 183 bytes
LLVM: wasm[0]::function[1149]::zrangeResultEmitLongLongToClient: 311 bytes
LLVM: wasm[0]::function[1150]::zrangeResultEmitCBufferToClient: 207 bytes
LLVM: wasm[0]::function[1151]::zrangeResultFinalizeClient: 292 bytes
LLVM: wasm[0]::function[1152]::zrangeResultBeginClient: 113 bytes
LLVM: wasm[0]::function[1153]::zrevrangeCommand: 186 bytes
LLVM: wasm[0]::function[1154]::zrangebyscoreCommand: 186 bytes
LLVM: wasm[0]::function[1155]::zrevrangebyscoreCommand: 186 bytes
LLVM: wasm[0]::function[1156]::zcountCommand: 3200 bytes
LLVM: wasm[0]::function[1157]::zlexcountCommand: 2668 bytes
LLVM: wasm[0]::function[1158]::zrangebylexCommand: 186 bytes
LLVM: wasm[0]::function[1159]::zrevrangebylexCommand: 186 bytes
LLVM: wasm[0]::function[1160]::zcardCommand: 404 bytes
LLVM: wasm[0]::function[1161]::zscoreCommand: 548 bytes
LLVM: wasm[0]::function[1162]::zmscoreCommand: 728 bytes
LLVM: wasm[0]::function[1163]::zrankGenericCommand: 3308 bytes
LLVM: wasm[0]::function[1164]::zrankCommand: 48 bytes
LLVM: wasm[0]::function[1165]::zrevrankCommand: 51 bytes
LLVM: wasm[0]::function[1166]::zscanCommand: 464 bytes
LLVM: wasm[0]::function[1167]::genericZpopCommand: 4932 bytes
LLVM: wasm[0]::function[1168]::zmpopCommand: 54 bytes
LLVM: wasm[0]::function[1169]::zmpopGenericCommand: 1112 bytes
LLVM: wasm[0]::function[1170]::blockingGenericZpopCommand: 1032 bytes
LLVM: wasm[0]::function[1171]::zpopminCommand: 416 bytes
LLVM: wasm[0]::function[1172]::zpopmaxCommand: 416 bytes
LLVM: wasm[0]::function[1173]::bzpopminCommand: 83 bytes
LLVM: wasm[0]::function[1174]::bzpopmaxCommand: 86 bytes
LLVM: wasm[0]::function[1175]::zrandmemberWithCountCommand: 5612 bytes
LLVM: wasm[0]::function[1176]::lpRandomPairs: 2732 bytes
LLVM: wasm[0]::function[1177]::zrandmemberReplyWithListpack: 750 bytes
LLVM: wasm[0]::function[1178]::lpRandomPairsUnique: 1588 bytes
LLVM: wasm[0]::function[1179]::zrandmemberCommand: 964 bytes
LLVM: wasm[0]::function[1180]::bzmpopCommand: 57 bytes
LLVM: wasm[0]::function[1181]::propagateHashFieldDeletion: 1124 bytes
LLVM: wasm[0]::function[1182]::hfieldGetExpireMeta: 75 bytes
LLVM: wasm[0]::function[1183]::dictHfieldDestructor: 287 bytes
LLVM: wasm[0]::function[1184]::hashDictWithExpireMetadataBytes: 43 bytes
LLVM: wasm[0]::function[1185]::dictMstrHash: 132 bytes
LLVM: wasm[0]::function[1186]::dictHfieldKeyCompare: 312 bytes
LLVM: wasm[0]::function[1187]::hashDictWithExpireOnRelease: 54 bytes
LLVM: wasm[0]::function[1188]::lpBatchInsert: 2729 bytes
LLVM: wasm[0]::function[1189]::cbFindInListpack: 211 bytes
LLVM: wasm[0]::function[1190]::sdslen.1801: 136 bytes
LLVM: wasm[0]::function[1191]::hashTypeDelete: 912 bytes
LLVM: wasm[0]::function[1192]::listpackExUpdateExpiry: 880 bytes
LLVM: wasm[0]::function[1193]::hashTypeListpackGetLp: 134 bytes
LLVM: wasm[0]::function[1194]::hashTypeTryConversion: 552 bytes
LLVM: wasm[0]::function[1195]::hashTypeNext: 2744 bytes
LLVM: wasm[0]::function[1196]::hashTypeCurrentObjectNewHfield: 1184 bytes
LLVM: wasm[0]::function[1197]::hfieldFree: 217 bytes
LLVM: wasm[0]::function[1198]::hashTypeReleaseIterator: 296 bytes
LLVM: wasm[0]::function[1199]::serverLogHexDump: 314 bytes
LLVM: wasm[0]::function[1200]::__assert_fail: 95 bytes
LLVM: wasm[0]::function[1201]::hashGetExpireMeta: 135 bytes
LLVM: wasm[0]::function[1202]::hashTypeGetValue: 2652 bytes
LLVM: wasm[0]::function[1203]::hashTypeGetValueObject: 773 bytes
LLVM: wasm[0]::function[1204]::hashTypeSet: 5536 bytes
LLVM: wasm[0]::function[1205]::hashTypeSetExInit: 1219 bytes
LLVM: wasm[0]::function[1206]::hashTypeSetExDone: 682 bytes
LLVM: wasm[0]::function[1207]::hashTypeInitIterator: 241 bytes
LLVM: wasm[0]::function[1208]::hashTypeCurrentFromHashTable: 368 bytes
LLVM: wasm[0]::function[1209]::hashTypeCurrentObjectNewSds: 315 bytes
LLVM: wasm[0]::function[1210]::hashTypeActiveExpire: 253 bytes
LLVM: wasm[0]::function[1211]::hashTypeExpire: 2436 bytes
LLVM: wasm[0]::function[1212]::onFieldExpire: 264 bytes
LLVM: wasm[0]::function[1213]::hsetnxCommand: 1208 bytes
LLVM: wasm[0]::function[1214]::hsetCommand: 1044 bytes
LLVM: wasm[0]::function[1215]::hincrbyCommand: 1868 bytes
LLVM: wasm[0]::function[1216]::hincrbyfloatCommand: 2392 bytes
LLVM: wasm[0]::function[1217]::hgetCommand: 720 bytes
LLVM: wasm[0]::function[1218]::hmgetCommand: 1220 bytes
LLVM: wasm[0]::function[1219]::hdelCommand: 1432 bytes
LLVM: wasm[0]::function[1220]::hlenCommand: 332 bytes
LLVM: wasm[0]::function[1221]::hstrlenCommand: 524 bytes
LLVM: wasm[0]::function[1222]::genericHgetallCommand: 1464 bytes
LLVM: wasm[0]::function[1223]::addHashIteratorCursorToReply: 652 bytes
LLVM: wasm[0]::function[1224]::hkeysCommand: 51 bytes
LLVM: wasm[0]::function[1225]::hvalsCommand: 51 bytes
LLVM: wasm[0]::function[1226]::hgetallCommand: 51 bytes
LLVM: wasm[0]::function[1227]::hexistsCommand: 448 bytes
LLVM: wasm[0]::function[1228]::hscanCommand: 464 bytes
LLVM: wasm[0]::function[1229]::hrandfieldWithCountCommand: 4368 bytes
LLVM: wasm[0]::function[1230]::hashTypeExpireIfNeeded: 353 bytes
LLVM: wasm[0]::function[1231]::hrandfieldReplyWithListpack: 713 bytes
LLVM: wasm[0]::function[1232]::hrandfieldCommand: 1240 bytes
LLVM: wasm[0]::function[1233]::hpexpireCommand: 68 bytes
LLVM: wasm[0]::function[1234]::hexpireGenericCommand: 5048 bytes
LLVM: wasm[0]::function[1235]::hpexpireatCommand: 60 bytes
LLVM: wasm[0]::function[1236]::hexpireCommand: 65 bytes
LLVM: wasm[0]::function[1237]::hexpireatCommand: 57 bytes
LLVM: wasm[0]::function[1238]::httlCommand: 60 bytes
LLVM: wasm[0]::function[1239]::httlGenericCommand: 2592 bytes
LLVM: wasm[0]::function[1240]::hpttlCommand: 63 bytes
LLVM: wasm[0]::function[1241]::hexpiretimeCommand: 51 bytes
LLVM: wasm[0]::function[1242]::hpexpiretimeCommand: 54 bytes
LLVM: wasm[0]::function[1243]::hpersistCommand: 2788 bytes
LLVM: wasm[0]::function[1244]::yesnotoi: 99 bytes
LLVM: wasm[0]::function[1245]::queueLoadModule: 688 bytes
LLVM: wasm[0]::function[1246]::glob: 1166 bytes
LLVM: wasm[0]::function[1247]::globfree: 169 bytes
LLVM: wasm[0]::function[1248]::ACLMergeSelectorArguments: 1248 bytes
LLVM: wasm[0]::function[1249]::ACLCreateUnlinkedUser: 274 bytes
LLVM: wasm[0]::function[1250]::queueSentinelConfig: 1104 bytes
LLVM: wasm[0]::function[1251]::configSetCommand: 4384 bytes
LLVM: wasm[0]::function[1252]::restoreBackupConfig: 1160 bytes
LLVM: wasm[0]::function[1253]::moduleConfigApplyConfig: 1030 bytes
LLVM: wasm[0]::function[1254]::configGetCommand: 2592 bytes
LLVM: wasm[0]::function[1255]::strpbrk: 287 bytes
LLVM: wasm[0]::function[1256]::rewriteConfigMarkAsProcessed: 726 bytes
LLVM: wasm[0]::function[1257]::rewriteConfigRewriteLine: 1807 bytes
LLVM: wasm[0]::function[1258]::rewriteConfigSaveOption: 1719 bytes
LLVM: wasm[0]::function[1259]::rewriteConfigDirOption: 1152 bytes
LLVM: wasm[0]::function[1260]::rewriteConfigReplicaOfOption: 1034 bytes
LLVM: wasm[0]::function[1261]::rewriteConfigNotifyKeyspaceEventsOption: 792 bytes
LLVM: wasm[0]::function[1262]::keyspaceEventsFlagsToString: 4664 bytes
LLVM: wasm[0]::function[1263]::rewriteConfigClientOutputBufferLimitOption: 1085 bytes
LLVM: wasm[0]::function[1264]::rewriteConfigOOMScoreAdjValuesOption: 1292 bytes
LLVM: wasm[0]::function[1265]::rewriteConfigBindOption: 1440 bytes
LLVM: wasm[0]::function[1266]::ACLDescribeUser: 3836 bytes
LLVM: wasm[0]::function[1267]::fchmod: 52 bytes
LLVM: wasm[0]::function[1268]::updateRequirePass: 61 bytes
LLVM: wasm[0]::function[1269]::updateAppendFsync: 118 bytes
LLVM: wasm[0]::function[1270]::pthread_cond_wait: 1769 bytes
LLVM: wasm[0]::function[1271]::updateClusterFlags: 123 bytes
LLVM: wasm[0]::function[1272]::updateClusterHostname: 71 bytes
LLVM: wasm[0]::function[1273]::updateClusterHumanNodename: 71 bytes
LLVM: wasm[0]::function[1274]::rewriteConfigLatencyTrackingInfoPercentilesOutputOption: 992 bytes
LLVM: wasm[0]::function[1275]::boolConfigInit: 57 bytes
LLVM: wasm[0]::function[1276]::boolConfigSet: 869 bytes
LLVM: wasm[0]::function[1277]::boolConfigGet: 225 bytes
LLVM: wasm[0]::function[1278]::boolConfigRewrite: 505 bytes
LLVM: wasm[0]::function[1279]::updateJemallocBgThread: 43 bytes
LLVM: wasm[0]::function[1280]::isValidActiveDefrag: 63 bytes
LLVM: wasm[0]::function[1281]::updateAppendonly: 146 bytes
LLVM: wasm[0]::function[1282]::updateSighandlerEnabled: 127 bytes
LLVM: wasm[0]::function[1283]::updateAofAutoGCEnabled: 70 bytes
LLVM: wasm[0]::function[1284]::stringConfigInit: 196 bytes
LLVM: wasm[0]::function[1285]::stringConfigSet: 479 bytes
LLVM: wasm[0]::function[1286]::stringConfigGet: 104 bytes
LLVM: wasm[0]::function[1287]::stringConfigRewrite: 1364 bytes
LLVM: wasm[0]::function[1288]::updateClusterIp: 51 bytes
LLVM: wasm[0]::function[1289]::isValidClusterAnnounceIp: 204 bytes
LLVM: wasm[0]::function[1290]::inet_pton: 1965 bytes
LLVM: wasm[0]::function[1291]::isValidAnnouncedHostname: 190 bytes
LLVM: wasm[0]::function[1292]::isValidAnnouncedNodename: 316 bytes
LLVM: wasm[0]::function[1293]::isValidDBfilename: 123 bytes
LLVM: wasm[0]::function[1294]::isValidAOFfilename: 149 bytes
LLVM: wasm[0]::function[1295]::isValidAOFdirname: 149 bytes
LLVM: wasm[0]::function[1296]::updateProcTitleTemplate: 43 bytes
LLVM: wasm[0]::function[1297]::isValidProcTitleTemplate: 2920 bytes
LLVM: wasm[0]::function[1298]::updateLocaleCollate: 88 bytes
LLVM: wasm[0]::function[1299]::sdsConfigInit: 292 bytes
LLVM: wasm[0]::function[1300]::sdsConfigSet: 1380 bytes
LLVM: wasm[0]::function[1301]::setModuleStringConfig: 848 bytes
LLVM: wasm[0]::function[1302]::sdsConfigGet: 496 bytes
LLVM: wasm[0]::function[1303]::sdsConfigRewrite: 1756 bytes
LLVM: wasm[0]::function[1304]::enumConfigInit: 57 bytes
LLVM: wasm[0]::function[1305]::enumConfigSet: 2212 bytes
LLVM: wasm[0]::function[1306]::enumConfigGet: 239 bytes
LLVM: wasm[0]::function[1307]::configEnumGetName: 781 bytes
LLVM: wasm[0]::function[1308]::enumConfigRewrite: 594 bytes
LLVM: wasm[0]::function[1309]::updateOOMScoreAdj: 53 bytes
LLVM: wasm[0]::function[1310]::isValidShutdownOnSigFlags: 65 bytes
LLVM: wasm[0]::function[1311]::numericConfigInit: 516 bytes
LLVM: wasm[0]::function[1312]::numericConfigSet: 2172 bytes
LLVM: wasm[0]::function[1313]::setModuleNumericConfig: 443 bytes
LLVM: wasm[0]::function[1314]::numericConfigGet: 600 bytes
LLVM: wasm[0]::function[1315]::numericConfigRewrite: 1336 bytes
LLVM: wasm[0]::function[1316]::updatePort: 333 bytes
LLVM: wasm[0]::function[1317]::updateDefragConfiguration: 57 bytes
LLVM: wasm[0]::function[1318]::updateClusterAnnouncedPort: 153 bytes
LLVM: wasm[0]::function[1319]::updateHZ: 91 bytes
LLVM: wasm[0]::function[1320]::updateGoodSlaves: 161 bytes
LLVM: wasm[0]::function[1321]::updateWatchdogPeriod: 90 bytes
LLVM: wasm[0]::function[1322]::updateMaxclients: 435 bytes
LLVM: wasm[0]::function[1323]::updateReplBacklogSize: 96 bytes
LLVM: wasm[0]::function[1324]::updateMaxmemory: 620 bytes
LLVM: wasm[0]::function[1325]::evictionTimeProc: 81 bytes
LLVM: wasm[0]::function[1326]::applyClientMaxMemoryUsage: 6107 bytes
LLVM: wasm[0]::function[1327]::applyTLSPort: 516 bytes
LLVM: wasm[0]::function[1328]::applyTlsCfg: 287 bytes
LLVM: wasm[0]::function[1329]::setConfigDirOption: 150 bytes
LLVM: wasm[0]::function[1330]::chdir: 937 bytes
LLVM: wasm[0]::function[1331]::getConfigDirOption: 151 bytes
LLVM: wasm[0]::function[1332]::setConfigSaveOption: 721 bytes
LLVM: wasm[0]::function[1333]::getConfigSaveOption: 704 bytes
LLVM: wasm[0]::function[1334]::setConfigClientOutputBufferLimitOption: 799 bytes
LLVM: wasm[0]::function[1335]::getConfigClientOutputBufferLimitOption: 1032 bytes
LLVM: wasm[0]::function[1336]::setConfigOOMScoreAdjValuesOption: 525 bytes
LLVM: wasm[0]::function[1337]::getConfigOOMScoreAdjValuesOption: 908 bytes
LLVM: wasm[0]::function[1338]::setConfigNotifyKeyspaceEventsOption: 752 bytes
LLVM: wasm[0]::function[1339]::getConfigNotifyKeyspaceEventsOption: 56 bytes
LLVM: wasm[0]::function[1340]::setConfigBindOption: 520 bytes
LLVM: wasm[0]::function[1341]::applyBind: 756 bytes
LLVM: wasm[0]::function[1342]::getConfigBindOption: 56 bytes
LLVM: wasm[0]::function[1343]::setConfigReplicaOfOption: 589 bytes
LLVM: wasm[0]::function[1344]::getConfigReplicaOfOption: 199 bytes
LLVM: wasm[0]::function[1345]::setConfigLatencyTrackingInfoPercentilesOutputOption: 952 bytes
LLVM: wasm[0]::function[1346]::getConfigLatencyTrackingInfoPercentilesOutputOption: 1188 bytes
LLVM: wasm[0]::function[1347]::configHelpCommand: 54 bytes
LLVM: wasm[0]::function[1348]::configResetStatCommand: 1137 bytes
LLVM: wasm[0]::function[1349]::configRewriteCommand: 293 bytes
LLVM: wasm[0]::function[1350]::aofInfoFree: 215 bytes
LLVM: wasm[0]::function[1351]::aofInfoFormat: 808 bytes
LLVM: wasm[0]::function[1352]::aofListFree: 215 bytes
LLVM: wasm[0]::function[1353]::aofListDup: 272 bytes
LLVM: wasm[0]::function[1354]::aofLoadManifestFromFile: 2500 bytes
LLVM: wasm[0]::function[1355]::feof: 104 bytes
LLVM: wasm[0]::function[1356]::atoll: 193 bytes
LLVM: wasm[0]::function[1357]::aofManifestFreeAndUpdate: 913 bytes
LLVM: wasm[0]::function[1358]::aofManifestDup: 468 bytes
LLVM: wasm[0]::function[1359]::getNewIncrAofName: 503 bytes
LLVM: wasm[0]::function[1360]::getTempIncrAofName: 286 bytes
LLVM: wasm[0]::function[1361]::markRewrittenIncrAofAsHistory: 820 bytes
LLVM: wasm[0]::function[1362]::persistAofManifest: 204 bytes
LLVM: wasm[0]::function[1363]::aofDelTempIncrAofFile: 731 bytes
LLVM: wasm[0]::function[1364]::rioWriteBulkString: 1258 bytes
LLVM: wasm[0]::function[1365]::rioWriteBulkLongLong: 187 bytes
LLVM: wasm[0]::function[1366]::rioWriteBulkObject: 372 bytes
LLVM: wasm[0]::function[1367]::rewriteSortedSetObject: 2380 bytes
LLVM: wasm[0]::function[1368]::rewriteHashObject: 1804 bytes
LLVM: wasm[0]::function[1369]::rewriteStreamObject: 4540 bytes
LLVM: wasm[0]::function[1370]::rewriteSetObject: 682 bytes
LLVM: wasm[0]::function[1371]::rewriteListObject: 799 bytes
LLVM: wasm[0]::function[1372]::rioWriteBulkCount: 596 bytes
LLVM: wasm[0]::function[1373]::rioWriteHashIteratorCursor: 393 bytes
LLVM: wasm[0]::function[1374]::streamIteratorGetID: 5594 bytes
LLVM: wasm[0]::function[1375]::streamIteratorGetField: 712 bytes
LLVM: wasm[0]::function[1376]::rioWriteBulkStreamID: 516 bytes
LLVM: wasm[0]::function[1377]::streamIteratorStop: 190 bytes
LLVM: wasm[0]::function[1378]::rioWriteStreamEmptyConsumer: 792 bytes
LLVM: wasm[0]::function[1379]::rioWriteStreamPendingEntry: 1544 bytes
LLVM: wasm[0]::function[1380]::openNewIncrAofForAppend: 3644 bytes
LLVM: wasm[0]::function[1381]::bioCreateFsyncJob: 173 bytes
LLVM: wasm[0]::function[1382]::loadSingleAppendOnlyFile: 4713 bytes
LLVM: wasm[0]::function[1383]::fseek: 49 bytes
LLVM: wasm[0]::function[1384]::truncate: 750 bytes
LLVM: wasm[0]::function[1385]::__lseek: 478 bytes
LLVM: wasm[0]::function[1386]::bgrewriteaofCommand: 237 bytes
LLVM: wasm[0]::function[1387]::getClientPubSubChannels: 51 bytes
LLVM: wasm[0]::function[1388]::clientSubscriptionsCount: 84 bytes
LLVM: wasm[0]::function[1389]::getClientPubSubShardChannels: 51 bytes
LLVM: wasm[0]::function[1390]::clientShardSubscriptionsCount: 63 bytes
LLVM: wasm[0]::function[1391]::addReplyPubsubPatUnsubscribed: 394 bytes
LLVM: wasm[0]::function[1392]::serverPubsubSubscriptionCount: 116 bytes
LLVM: wasm[0]::function[1393]::pubsubSubscribeChannel: 1849 bytes
LLVM: wasm[0]::function[1394]::pubsubUnsubscribeChannel: 944 bytes
LLVM: wasm[0]::function[1395]::pubsubShardUnsubscribeAllChannelsInSlot: 1372 bytes
LLVM: wasm[0]::function[1396]::pubsubPublishMessageInternal: 2488 bytes
LLVM: wasm[0]::function[1397]::publishCommand: 708 bytes
LLVM: wasm[0]::function[1398]::sentinelProcessHelloMessage: 6445 bytes
LLVM: wasm[0]::function[1399]::clusterCreatePublishMsgBlock: 884 bytes
LLVM: wasm[0]::function[1400]::clusterBroadcastMessage: 792 bytes
LLVM: wasm[0]::function[1401]::pubsubCommand: 1014 bytes
LLVM: wasm[0]::function[1402]::channelList: 1384 bytes
LLVM: wasm[0]::function[1403]::spublishCommand: 312 bytes
LLVM: wasm[0]::function[1404]::clusterPropagatePublish: 1039 bytes
LLVM: wasm[0]::function[1405]::unwatchCommand: 96 bytes
LLVM: wasm[0]::function[1406]::xorDigest: 512 bytes
LLVM: wasm[0]::function[1407]::mixStringObjectDigest: 356 bytes
LLVM: wasm[0]::function[1408]::xorObjectDigest: 9340 bytes
LLVM: wasm[0]::function[1409]::printCrashReport: 3228 bytes
LLVM: wasm[0]::function[1410]::genClusterInfoString: 2324 bytes
LLVM: wasm[0]::function[1411]::clusterGenNodesDescription: 1084 bytes
LLVM: wasm[0]::function[1412]::logCurrentClient: 1900 bytes
LLVM: wasm[0]::function[1413]::computeDatasetDigest: 2576 bytes
LLVM: wasm[0]::function[1414]::mmap: 162 bytes
LLVM: wasm[0]::function[1415]::sdslen.2691: 136 bytes
LLVM: wasm[0]::function[1416]::sdsavail: 160 bytes
LLVM: wasm[0]::function[1417]::nanosleep: 135 bytes
LLVM: wasm[0]::function[1418]::evalScriptsDict: 324 bytes
LLVM: wasm[0]::function[1419]::handleDebugClusterCommand: 960 bytes
LLVM: wasm[0]::function[1420]::lookupKeyByPattern: 1744 bytes
LLVM: wasm[0]::function[1421]::sortCompare: 238 bytes
LLVM: wasm[0]::function[1422]::sortCommandGeneric: 9188 bytes
LLVM: wasm[0]::function[1423]::ACLSelectorCheckCmd: 3360 bytes
LLVM: wasm[0]::function[1424]::sortroCommand: 51 bytes
LLVM: wasm[0]::function[1425]::sortCommand: 48 bytes
LLVM: wasm[0]::function[1426]::createDumpPayload: 1212 bytes
LLVM: wasm[0]::function[1427]::dumpCommand: 280 bytes
LLVM: wasm[0]::function[1428]::restoreCommand: 2696 bytes
LLVM: wasm[0]::function[1429]::migrateCloseSocket: 1780 bytes
LLVM: wasm[0]::function[1430]::migrateCommand: 10980 bytes
LLVM: wasm[0]::function[1431]::clusterCommand: 6492 bytes
LLVM: wasm[0]::function[1432]::addNodeReplyForClusterSlot: 594 bytes
LLVM: wasm[0]::function[1433]::clusterLookupNode: 381 bytes
LLVM: wasm[0]::function[1434]::clusterGenNodeDescription: 3380 bytes
LLVM: wasm[0]::function[1435]::clusterCommandSpecial: 10896 bytes
LLVM: wasm[0]::function[1436]::addNodeToNodeReply: 1071 bytes
LLVM: wasm[0]::function[1437]::readonlyCommand: 148 bytes
LLVM: wasm[0]::function[1438]::readwriteCommand: 148 bytes
LLVM: wasm[0]::function[1439]::auxShardIdSetter: 537 bytes
LLVM: wasm[0]::function[1440]::updateShardId: 885 bytes
LLVM: wasm[0]::function[1441]::clusterRemoveNodeFromShard: 768 bytes
LLVM: wasm[0]::function[1442]::auxShardIdGetter: 101 bytes
LLVM: wasm[0]::function[1443]::auxShardIdPresent: 49 bytes
LLVM: wasm[0]::function[1444]::auxHumanNodenameSetter: 384 bytes
LLVM: wasm[0]::function[1445]::auxHumanNodenameGetter: 107 bytes
LLVM: wasm[0]::function[1446]::auxHumanNodenamePresent: 144 bytes
LLVM: wasm[0]::function[1447]::auxTcpPortSetter: 214 bytes
LLVM: wasm[0]::function[1448]::auxTcpPortGetter: 107 bytes
LLVM: wasm[0]::function[1449]::auxTcpPortPresent: 62 bytes
LLVM: wasm[0]::function[1450]::auxTlsPortSetter: 214 bytes
LLVM: wasm[0]::function[1451]::auxTlsPortGetter: 107 bytes
LLVM: wasm[0]::function[1452]::auxTlsPortPresent: 62 bytes
LLVM: wasm[0]::function[1453]::clusterNodeAddSlave: 175 bytes
LLVM: wasm[0]::function[1454]::clusterGenNodesSlotsInfo: 329 bytes
LLVM: wasm[0]::function[1455]::representClusterNodeFlags: 728 bytes
LLVM: wasm[0]::function[1456]::resetManualFailover: 150 bytes
LLVM: wasm[0]::function[1457]::clusterConnAcceptHandler: 786 bytes
LLVM: wasm[0]::function[1458]::clusterReadHandler: 9980 bytes
LLVM: wasm[0]::function[1459]::setClusterNodeToInboundClusterLink: 359 bytes
LLVM: wasm[0]::function[1460]::nodeIp2String: 527 bytes
LLVM: wasm[0]::function[1461]::getClientPortFromClusterMsg: 149 bytes
LLVM: wasm[0]::function[1462]::clusterProcessGossipSection: 5487 bytes
LLVM: wasm[0]::function[1463]::nodeUpdateAddressIfNeeded: 1178 bytes
LLVM: wasm[0]::function[1464]::clusterRenameNode: 845 bytes
LLVM: wasm[0]::function[1465]::clusterSendFailoverAuthIfNeeded: 1456 bytes
LLVM: wasm[0]::function[1466]::clusterSetNodeAsMaster: 337 bytes
LLVM: wasm[0]::function[1467]::clusterUpdateSlotsConfigWith: 2160 bytes
LLVM: wasm[0]::function[1468]::moduleCallClusterReceivers: 845 bytes
LLVM: wasm[0]::function[1469]::clearNodeFailureIfNeeded: 522 bytes
LLVM: wasm[0]::function[1470]::clusterMoveNodeSlots: 228 bytes
LLVM: wasm[0]::function[1471]::clusterDelNodeSlots: 154 bytes
LLVM: wasm[0]::function[1472]::clusterNodeRemoveSlave: 223 bytes
LLVM: wasm[0]::function[1473]::clusterSendUpdate: 805 bytes
LLVM: wasm[0]::function[1474]::clusterHandleConfigEpochCollision: 441 bytes
LLVM: wasm[0]::function[1475]::clusterNodeDelFailureReport: 798 bytes
LLVM: wasm[0]::function[1476]::clusterBlacklistExists: 562 bytes
LLVM: wasm[0]::function[1477]::writePingExt: 2516 bytes
LLVM: wasm[0]::function[1478]::createClusterMsgSendBlock: 1110 bytes
LLVM: wasm[0]::function[1479]::htons: 51 bytes
LLVM: wasm[0]::function[1480]::clusterWriteHandler: 1068 bytes
LLVM: wasm[0]::function[1481]::clusterDelSlot: 294 bytes
LLVM: wasm[0]::function[1482]::clusterSendFailoverAuth: 623 bytes
LLVM: wasm[0]::function[1483]::clusterReset: 2794 bytes
LLVM: wasm[0]::function[1484]::clusterNodeFailureReportsCount: 526 bytes
LLVM: wasm[0]::function[1485]::clusterBumpConfigEpochWithoutConsensus: 562 bytes
LLVM: wasm[0]::function[1486]::clusterBlacklistAddNode: 1128 bytes
LLVM: wasm[0]::function[1487]::clusterBroadcastPong: 597 bytes
LLVM: wasm[0]::function[1488]::clusterRequestFailoverAuth: 232 bytes
LLVM: wasm[0]::function[1489]::clusterSendMFStart: 623 bytes
LLVM: wasm[0]::function[1490]::clusterGetSlaveRank: 380 bytes
LLVM: wasm[0]::function[1491]::clusterLogCantFailover: 524 bytes
LLVM: wasm[0]::function[1492]::clusterFailoverReplaceYourMaster: 1092 bytes
LLVM: wasm[0]::function[1493]::addReplyClusterLinkDescription: 836 bytes
LLVM: wasm[0]::function[1494]::addReplyClusterLinksDescription: 685 bytes
LLVM: wasm[0]::function[1495]::clusterUpdateSlots: 357 bytes
LLVM: wasm[0]::function[1496]::sdslen.3400: 136 bytes
LLVM: wasm[0]::function[1497]::slowlogCommand: 1428 bytes
LLVM: wasm[0]::function[1498]::rioBufferRead: 260 bytes
LLVM: wasm[0]::function[1499]::rioBufferWrite: 460 bytes
LLVM: wasm[0]::function[1500]::rioBufferTell: 49 bytes
LLVM: wasm[0]::function[1501]::rioBufferFlush: 43 bytes
LLVM: wasm[0]::function[1502]::rioFileRead: 68 bytes
LLVM: wasm[0]::function[1503]::rioFileWrite: 532 bytes
LLVM: wasm[0]::function[1504]::rioFileTell: 56 bytes
LLVM: wasm[0]::function[1505]::rioFileFlush: 65 bytes
LLVM: wasm[0]::function[1506]::rioConnWrite: 40 bytes
LLVM: wasm[0]::function[1507]::rioConnTell: 48 bytes
LLVM: wasm[0]::function[1508]::rioConnFlush: 40 bytes
LLVM: wasm[0]::function[1509]::redisPopcount: 1024 bytes
LLVM: wasm[0]::function[1510]::redisBitpos: 1186 bytes
LLVM: wasm[0]::function[1511]::getBitOffsetFromArgument: 640 bytes
LLVM: wasm[0]::function[1512]::lookupStringForBitCommand: 772 bytes
LLVM: wasm[0]::function[1513]::getObjectReadOnlyString: 324 bytes
LLVM: wasm[0]::function[1514]::setbitCommand: 558 bytes
LLVM: wasm[0]::function[1515]::getbitCommand: 716 bytes
LLVM: wasm[0]::function[1516]::bitopCommand: 4272 bytes
LLVM: wasm[0]::function[1517]::bitcountCommand: 1888 bytes
LLVM: wasm[0]::function[1518]::bitposCommand: 2012 bytes
LLVM: wasm[0]::function[1519]::bitfieldGeneric: 5312 bytes
LLVM: wasm[0]::function[1520]::bitfieldCommand: 48 bytes
LLVM: wasm[0]::function[1521]::bitfieldroCommand: 51 bytes
LLVM: wasm[0]::function[1522]::dictInstancesValDestructor: 1110 bytes
LLVM: wasm[0]::function[1523]::releaseInstanceLink: 468 bytes
LLVM: wasm[0]::function[1524]::sentinelDiscardReplyCallback: 67 bytes
LLVM: wasm[0]::function[1525]::__redisAsyncFree: 2851 bytes
LLVM: wasm[0]::function[1526]::sentinelScheduleScriptExecution: 2045 bytes
LLVM: wasm[0]::function[1527]::createSentinelAddr: 547 bytes
LLVM: wasm[0]::function[1528]::sentinelPendingScriptsCommand: 1223 bytes
LLVM: wasm[0]::function[1529]::instanceLinkCloseConnection: 140 bytes
LLVM: wasm[0]::function[1530]::sentinelTryConnectionSharing: 544 bytes
LLVM: wasm[0]::function[1531]::getSentinelRedisInstanceByAddrAndRunID: 1434 bytes
LLVM: wasm[0]::function[1532]::dropInstanceConnections: 811 bytes
LLVM: wasm[0]::function[1533]::sentinelLinkEstablishedCallback: 95 bytes
LLVM: wasm[0]::function[1534]::sentinelDisconnectCallback: 91 bytes
LLVM: wasm[0]::function[1535]::createSentinelRedisInstance: 3356 bytes
LLVM: wasm[0]::function[1536]::sentinelGetMasterByName: 412 bytes
LLVM: wasm[0]::function[1537]::sentinelResetMaster: 1600 bytes
LLVM: wasm[0]::function[1538]::sentinelResetMastersByPattern: 641 bytes
LLVM: wasm[0]::function[1539]::sentinelResetMasterAndChangeAddress: 2462 bytes
LLVM: wasm[0]::function[1540]::sentinelInstanceMapCommand: 445 bytes
LLVM: wasm[0]::function[1541]::freeSentinelLoadQueueEntry: 364 bytes
LLVM: wasm[0]::function[1542]::sentinelSendAuthIfNeeded: 737 bytes
LLVM: wasm[0]::function[1543]::redisAsyncCommand: 9624 bytes
LLVM: wasm[0]::function[1544]::sentinelSetClientName: 433 bytes
LLVM: wasm[0]::function[1545]::redisAeAttach: 189 bytes
LLVM: wasm[0]::function[1546]::redisAeCleanup: 628 bytes
LLVM: wasm[0]::function[1547]::redisAeDelWrite: 311 bytes
LLVM: wasm[0]::function[1548]::redisAeAddWrite: 224 bytes
LLVM: wasm[0]::function[1549]::redisAeDelRead: 295 bytes
LLVM: wasm[0]::function[1550]::redisAeAddRead: 204 bytes
LLVM: wasm[0]::function[1551]::sentinelSendPing: 481 bytes
LLVM: wasm[0]::function[1552]::sentinelPingReplyCallback: 681 bytes
LLVM: wasm[0]::function[1553]::sentinelReceiveHelloMessages: 383 bytes
LLVM: wasm[0]::function[1554]::redisAeReadEvent: 249 bytes
LLVM: wasm[0]::function[1555]::redisAeWriteEvent: 249 bytes
LLVM: wasm[0]::function[1556]::__redisAsyncHandleConnect: 904 bytes
LLVM: wasm[0]::function[1557]::sentinelSimFailureCrash: 98 bytes
LLVM: wasm[0]::function[1558]::sentinelSendSlaveOf: 2039 bytes
LLVM: wasm[0]::function[1559]::sentinelInfoReplyCallback: 8716 bytes
LLVM: wasm[0]::function[1560]::sentinelPublishReplyCallback: 211 bytes
LLVM: wasm[0]::function[1561]::sentinelConfigSetCommand: 7944 bytes
LLVM: wasm[0]::function[1562]::sentinelFlushConfigAndReply: 256 bytes
LLVM: wasm[0]::function[1563]::sentinelConfigGetCommand: 4554 bytes
LLVM: wasm[0]::function[1564]::addReplySentinelRedisInstance: 6388 bytes
LLVM: wasm[0]::function[1565]::sentinelSetDebugConfigParameters: 1654 bytes
LLVM: wasm[0]::function[1566]::addReplySentinelDebugInfo: 1834 bytes
LLVM: wasm[0]::function[1567]::addReplyDictOfRedisInstances: 588 bytes
LLVM: wasm[0]::function[1568]::sentinelGetMasterByNameOrReplyError: 178 bytes
LLVM: wasm[0]::function[1569]::sentinelIsQuorumReachable: 497 bytes
LLVM: wasm[0]::function[1570]::sentinelCommand: 5408 bytes
LLVM: wasm[0]::function[1571]::sentinelVoteLeader: 1047 bytes
LLVM: wasm[0]::function[1572]::sentinelSelectSlave: 1045 bytes
LLVM: wasm[0]::function[1573]::sentinelStartFailover: 468 bytes
LLVM: wasm[0]::function[1574]::sentinelSetCommand: 3455 bytes
LLVM: wasm[0]::function[1575]::sdslen.3939: 136 bytes
LLVM: wasm[0]::function[1576]::compareSlavesForPromotion: 155 bytes
LLVM: wasm[0]::function[1577]::sentinelReceiveIsMasterDownReply: 592 bytes
LLVM: wasm[0]::function[1578]::sentinelAskMasterStateToOtherSentinels: 1260 bytes
LLVM: wasm[0]::function[1579]::sentinelHandleRedisInstance: 11748 bytes
LLVM: wasm[0]::function[1580]::redisAsyncConnectBind: 2198 bytes
LLVM: wasm[0]::function[1581]::redisAsyncSetConnectCallback: 484 bytes
LLVM: wasm[0]::function[1582]::ctime_r: 279 bytes
LLVM: wasm[0]::function[1583]::releaseBlockedEntry: 593 bytes
LLVM: wasm[0]::function[1584]::hllPatLen: 712 bytes
LLVM: wasm[0]::function[1585]::hllSparseToDense: 1044 bytes
LLVM: wasm[0]::function[1586]::hllSparseSet: 2388 bytes
LLVM: wasm[0]::function[1587]::hllCount: 2044 bytes
LLVM: wasm[0]::function[1588]::llroundl: 125 bytes
LLVM: wasm[0]::function[1589]::hllAdd: 361 bytes
LLVM: wasm[0]::function[1590]::hllMerge: 648 bytes
LLVM: wasm[0]::function[1591]::isHLLObjectOrReply: 416 bytes
LLVM: wasm[0]::function[1592]::pfaddCommand: 768 bytes
LLVM: wasm[0]::function[1593]::pfcountCommand: 874 bytes
LLVM: wasm[0]::function[1594]::pfmergeCommand: 1092 bytes
LLVM: wasm[0]::function[1595]::pfselftestCommand: 1512 bytes
LLVM: wasm[0]::function[1596]::pfdebugCommand: 1504 bytes
LLVM: wasm[0]::function[1597]::sdslen.4146: 136 bytes
LLVM: wasm[0]::function[1598]::dictStringKeyCompare: 60 bytes
LLVM: wasm[0]::function[1599]::dictStringHash: 72 bytes
LLVM: wasm[0]::function[1600]::fillCommandCDF: 722 bytes
LLVM: wasm[0]::function[1601]::log_iter_next: 768 bytes
LLVM: wasm[0]::function[1602]::latencyAllCommandsFillCDF: 648 bytes
LLVM: wasm[0]::function[1603]::latencyCommand: 11256 bytes
LLVM: wasm[0]::function[1604]::sparklineRenderRange: 1568 bytes
LLVM: wasm[0]::function[1605]::rdbCheckInfo: 185 bytes
LLVM: wasm[0]::function[1606]::rioRead.4292: 430 bytes
LLVM: wasm[0]::function[1607]::readLong: 516 bytes
LLVM: wasm[0]::function[1608]::readString: 740 bytes
LLVM: wasm[0]::function[1609]::checkSingleAof: 2866 bytes
LLVM: wasm[0]::function[1610]::strncasecmp: 242 bytes
LLVM: wasm[0]::function[1611]::fileIsRDB: 419 bytes
LLVM: wasm[0]::function[1612]::checkOldStyleAof: 322 bytes
LLVM: wasm[0]::function[1613]::geoArrayFree: 279 bytes
LLVM: wasm[0]::function[1614]::extractLongLatOrReply: 400 bytes
LLVM: wasm[0]::function[1615]::longLatFromMember: 752 bytes
LLVM: wasm[0]::function[1616]::extractDistanceOrReply: 536 bytes
LLVM: wasm[0]::function[1617]::extractBoxOrReply: 640 bytes
LLVM: wasm[0]::function[1618]::geoWithinShape: 1712 bytes
LLVM: wasm[0]::function[1619]::sin: 1120 bytes
LLVM: wasm[0]::function[1620]::cos: 1216 bytes
LLVM: wasm[0]::function[1621]::asin: 864 bytes
LLVM: wasm[0]::function[1622]::membersOfAllNeighbors: 1892 bytes
LLVM: wasm[0]::function[1623]::geoaddCommand: 2356 bytes
LLVM: wasm[0]::function[1624]::georadiusGeneric: 5844 bytes
LLVM: wasm[0]::function[1625]::geohashCalculateAreasByShapeWGS84: 2096 bytes
LLVM: wasm[0]::function[1626]::sort_gp_asc: 80 bytes
LLVM: wasm[0]::function[1627]::sort_gp_desc: 87 bytes
LLVM: wasm[0]::function[1628]::georadiusCommand: 57 bytes
LLVM: wasm[0]::function[1629]::georadiusbymemberCommand: 57 bytes
LLVM: wasm[0]::function[1630]::georadiusroCommand: 57 bytes
LLVM: wasm[0]::function[1631]::georadiusbymemberroCommand: 57 bytes
LLVM: wasm[0]::function[1632]::geosearchCommand: 57 bytes
LLVM: wasm[0]::function[1633]::geosearchstoreCommand: 57 bytes
LLVM: wasm[0]::function[1634]::geohashCommand: 1828 bytes
LLVM: wasm[0]::function[1635]::geohashEncode: 584 bytes
LLVM: wasm[0]::function[1636]::geoposCommand: 1524 bytes
LLVM: wasm[0]::function[1637]::geodistCommand: 2536 bytes
LLVM: wasm[0]::function[1638]::lazyfreeFreeObject: 90 bytes
LLVM: wasm[0]::function[1639]::lazyfreeFreeDatabase: 251 bytes
LLVM: wasm[0]::function[1640]::lazyFreeTrackingTable: 215 bytes
LLVM: wasm[0]::function[1641]::freeTrackingRadixTreeCallback: 158 bytes
LLVM: wasm[0]::function[1642]::RM_Alloc: 225 bytes
LLVM: wasm[0]::function[1643]::RM_TryAlloc: 129 bytes
LLVM: wasm[0]::function[1644]::RM_Calloc: 233 bytes
LLVM: wasm[0]::function[1645]::RM_TryCalloc: 137 bytes
LLVM: wasm[0]::function[1646]::RM_Realloc: 49 bytes
LLVM: wasm[0]::function[1647]::RM_TryRealloc: 301 bytes
LLVM: wasm[0]::function[1648]::RM_Free: 77 bytes
LLVM: wasm[0]::function[1649]::RM_Strdup: 148 bytes
LLVM: wasm[0]::function[1650]::RM_PoolAlloc: 258 bytes
LLVM: wasm[0]::function[1651]::moduleCreateEmptyKey: 176 bytes
LLVM: wasm[0]::function[1652]::moduleDelKeyIfEmpty: 596 bytes
LLVM: wasm[0]::function[1653]::moduleFreeKeyIterator: 366 bytes
LLVM: wasm[0]::function[1654]::RM_FreeCallReply: 1058 bytes
LLVM: wasm[0]::function[1655]::moduleCloseKey: 378 bytes
LLVM: wasm[0]::function[1656]::parseReply: 4548 bytes
LLVM: wasm[0]::function[1657]::freeCallReplyInternal: 408 bytes
LLVM: wasm[0]::function[1658]::RM_IsKeysPositionRequest: 53 bytes
LLVM: wasm[0]::function[1659]::RM_KeyAtPosWithFlags: 463 bytes
LLVM: wasm[0]::function[1660]::moduleConvertKeySpecsFlags: 316 bytes
LLVM: wasm[0]::function[1661]::RM_KeyAtPos: 478 bytes
LLVM: wasm[0]::function[1662]::RM_IsChannelsPositionRequest: 54 bytes
LLVM: wasm[0]::function[1663]::RM_ChannelAtPosWithFlags: 445 bytes
LLVM: wasm[0]::function[1664]::commandFlagsFromString: 1277 bytes
LLVM: wasm[0]::function[1665]::RM_CreateCommand: 2020 bytes
LLVM: wasm[0]::function[1666]::moduleCreateCommandProxy: 402 bytes
LLVM: wasm[0]::function[1667]::RM_GetCommand: 105 bytes
LLVM: wasm[0]::function[1668]::RM_CreateSubcommand: 426 bytes
LLVM: wasm[0]::function[1669]::populateArgsStructure: 236 bytes
LLVM: wasm[0]::function[1670]::RM_AddACLCategory: 606 bytes
LLVM: wasm[0]::function[1671]::RM_SetCommandACLCategories: 818 bytes
LLVM: wasm[0]::function[1672]::RM_SetCommandInfo: 2396 bytes
LLVM: wasm[0]::function[1673]::moduleValidateCommandArgs: 756 bytes
LLVM: wasm[0]::function[1674]::moduleCopyCommandArgs: 1101 bytes
LLVM: wasm[0]::function[1675]::moduleListConfigMatch: 64 bytes
LLVM: wasm[0]::function[1676]::moduleListFree: 175 bytes
LLVM: wasm[0]::function[1677]::RM_SetModuleAttribs: 674 bytes
LLVM: wasm[0]::function[1678]::RM_IsModuleNameBusy: 413 bytes
LLVM: wasm[0]::function[1679]::RM_Milliseconds: 148 bytes
LLVM: wasm[0]::function[1680]::RM_MonotonicMicroseconds: 147 bytes
LLVM: wasm[0]::function[1681]::RM_Microseconds: 121 bytes
LLVM: wasm[0]::function[1682]::RM_CachedMicroseconds: 49 bytes
LLVM: wasm[0]::function[1683]::RM_BlockedClientMeasureTimeStart: 161 bytes
LLVM: wasm[0]::function[1684]::RM_BlockedClientMeasureTimeEnd: 203 bytes
LLVM: wasm[0]::function[1685]::RM_Yield: 670 bytes
LLVM: wasm[0]::function[1686]::RM_SetModuleOptions: 54 bytes
LLVM: wasm[0]::function[1687]::RM_SignalModifiedKey: 110 bytes
LLVM: wasm[0]::function[1688]::RM_AutoMemory: 55 bytes
LLVM: wasm[0]::function[1689]::RM_CloseKey: 286 bytes
LLVM: wasm[0]::function[1690]::RM_FreeDict: 420 bytes
LLVM: wasm[0]::function[1691]::RM_FreeServerInfo: 423 bytes
LLVM: wasm[0]::function[1692]::RM_CreateString: 481 bytes
LLVM: wasm[0]::function[1693]::RM_CreateStringPrintf: 453 bytes
LLVM: wasm[0]::function[1694]::RM_CreateStringFromLongLong: 434 bytes
LLVM: wasm[0]::function[1695]::RM_CreateStringFromULongLong: 381 bytes
LLVM: wasm[0]::function[1696]::RM_CreateStringFromDouble: 473 bytes
LLVM: wasm[0]::function[1697]::RM_CreateStringFromLongDouble: 482 bytes
LLVM: wasm[0]::function[1698]::RM_CreateStringFromString: 188 bytes
LLVM: wasm[0]::function[1699]::RM_CreateStringFromStreamID: 444 bytes
LLVM: wasm[0]::function[1700]::RM_FreeString: 258 bytes
LLVM: wasm[0]::function[1701]::RM_RetainString: 304 bytes
LLVM: wasm[0]::function[1702]::RM_HoldString: 247 bytes
LLVM: wasm[0]::function[1703]::RM_StringPtrLen: 200 bytes
LLVM: wasm[0]::function[1704]::RM_StringToLongLong: 164 bytes
LLVM: wasm[0]::function[1705]::RM_StringToULongLong: 59 bytes
LLVM: wasm[0]::function[1706]::RM_StringToDouble: 55 bytes
LLVM: wasm[0]::function[1707]::RM_StringToLongDouble: 212 bytes
LLVM: wasm[0]::function[1708]::RM_StringToStreamID: 170 bytes
LLVM: wasm[0]::function[1709]::streamGenericParseIDOrReply: 800 bytes
LLVM: wasm[0]::function[1710]::RM_StringCompare: 52 bytes
LLVM: wasm[0]::function[1711]::RM_StringAppendBuffer: 788 bytes
LLVM: wasm[0]::function[1712]::RM_TrimStringAllocation: 55 bytes
LLVM: wasm[0]::function[1713]::RM_WrongArity: 119 bytes
LLVM: wasm[0]::function[1714]::RM_ReplyWithLongLong: 86 bytes
LLVM: wasm[0]::function[1715]::RM_ReplyWithError: 137 bytes
LLVM: wasm[0]::function[1716]::RM_ReplyWithErrorFormat: 305 bytes
LLVM: wasm[0]::function[1717]::RM_ReplyWithSimpleString: 932 bytes
LLVM: wasm[0]::function[1718]::moduleReplyWithCollection: 717 bytes
LLVM: wasm[0]::function[1719]::RM_ReplyWithArray: 54 bytes
LLVM: wasm[0]::function[1720]::RM_ReplyWithMap: 54 bytes
LLVM: wasm[0]::function[1721]::RM_ReplyWithSet: 54 bytes
LLVM: wasm[0]::function[1722]::RM_ReplyWithAttribute: 80 bytes
LLVM: wasm[0]::function[1723]::RM_ReplyWithNullArray: 181 bytes
LLVM: wasm[0]::function[1724]::RM_ReplyWithEmptyArray: 92 bytes
LLVM: wasm[0]::function[1725]::RM_ReplySetArrayLength: 476 bytes
LLVM: wasm[0]::function[1726]::RM_ReplySetMapLength: 328 bytes
LLVM: wasm[0]::function[1727]::RM_ReplySetSetLength: 323 bytes
LLVM: wasm[0]::function[1728]::RM_ReplySetAttributeLength: 480 bytes
LLVM: wasm[0]::function[1729]::RM_ReplyWithStringBuffer: 86 bytes
LLVM: wasm[0]::function[1730]::RM_ReplyWithCString: 228 bytes
LLVM: wasm[0]::function[1731]::RM_ReplyWithString: 86 bytes
LLVM: wasm[0]::function[1732]::RM_ReplyWithEmptyString: 92 bytes
LLVM: wasm[0]::function[1733]::RM_ReplyWithVerbatimStringType: 86 bytes
LLVM: wasm[0]::function[1734]::RM_ReplyWithVerbatimString: 92 bytes
LLVM: wasm[0]::function[1735]::RM_ReplyWithNull: 181 bytes
LLVM: wasm[0]::function[1736]::RM_ReplyWithBool: 197 bytes
LLVM: wasm[0]::function[1737]::RM_ReplyWithCallReply: 404 bytes
LLVM: wasm[0]::function[1738]::RM_ReplyWithDouble: 86 bytes
LLVM: wasm[0]::function[1739]::RM_ReplyWithBigNumber: 86 bytes
LLVM: wasm[0]::function[1740]::RM_ReplyWithLongDouble: 86 bytes
LLVM: wasm[0]::function[1741]::RM_Replicate: 370 bytes
LLVM: wasm[0]::function[1742]::moduleCreateArgvFromUserFormat: 3124 bytes
LLVM: wasm[0]::function[1743]::RM_ReplicateVerbatim: 109 bytes
LLVM: wasm[0]::function[1744]::RM_GetClientId: 62 bytes
LLVM: wasm[0]::function[1745]::RM_GetClientUserNameById: 579 bytes
LLVM: wasm[0]::function[1746]::modulePopulateClientInfoStructure: 564 bytes
LLVM: wasm[0]::function[1747]::RM_GetClientInfoById: 198 bytes
LLVM: wasm[0]::function[1748]::RM_GetClientNameById: 350 bytes
LLVM: wasm[0]::function[1749]::RM_SetClientNameById: 216 bytes
LLVM: wasm[0]::function[1750]::RM_PublishMessage: 331 bytes
LLVM: wasm[0]::function[1751]::RM_PublishMessageShard: 202 bytes
LLVM: wasm[0]::function[1752]::RM_GetSelectedDb: 60 bytes
LLVM: wasm[0]::function[1753]::RM_GetContextFlags: 700 bytes
LLVM: wasm[0]::function[1754]::getMaxmemoryState: 392 bytes
LLVM: wasm[0]::function[1755]::RM_AvoidReplicaTraffic: 80 bytes
LLVM: wasm[0]::function[1756]::RM_SelectDb: 94 bytes
LLVM: wasm[0]::function[1757]::RM_KeyExists: 77 bytes
LLVM: wasm[0]::function[1758]::RM_OpenKey: 507 bytes
LLVM: wasm[0]::function[1759]::RM_GetOpenKeyModesAll: 43 bytes
LLVM: wasm[0]::function[1760]::RM_KeyType: 79 bytes
LLVM: wasm[0]::function[1761]::RM_ValueLength: 412 bytes
LLVM: wasm[0]::function[1762]::RM_DeleteKey: 116 bytes
LLVM: wasm[0]::function[1763]::RM_UnlinkKey: 115 bytes
LLVM: wasm[0]::function[1764]::RM_GetExpire: 265 bytes
LLVM: wasm[0]::function[1765]::RM_SetExpire: 237 bytes
LLVM: wasm[0]::function[1766]::RM_GetAbsExpire: 253 bytes
LLVM: wasm[0]::function[1767]::RM_SetAbsExpire: 224 bytes
LLVM: wasm[0]::function[1768]::RM_ResetDataset: 462 bytes
LLVM: wasm[0]::function[1769]::RM_DbSize: 108 bytes
LLVM: wasm[0]::function[1770]::RM_RandomKey: 190 bytes
LLVM: wasm[0]::function[1771]::RM_GetKeyNameFromOptCtx: 47 bytes
LLVM: wasm[0]::function[1772]::RM_GetToKeyNameFromOptCtx: 48 bytes
LLVM: wasm[0]::function[1773]::RM_GetDbIdFromOptCtx: 48 bytes
LLVM: wasm[0]::function[1774]::RM_GetToDbIdFromOptCtx: 48 bytes
LLVM: wasm[0]::function[1775]::RM_StringSet: 191 bytes
LLVM: wasm[0]::function[1776]::RM_StringDMA: 252 bytes
LLVM: wasm[0]::function[1777]::RM_StringTruncate: 648 bytes
LLVM: wasm[0]::function[1778]::moduleListIteratorSeek: 625 bytes
LLVM: wasm[0]::function[1779]::RM_ListPush: 678 bytes
LLVM: wasm[0]::function[1780]::moduleFreeListIterator: 102 bytes
LLVM: wasm[0]::function[1781]::RM_ListPop: 443 bytes
LLVM: wasm[0]::function[1782]::RM_ListGet: 248 bytes
LLVM: wasm[0]::function[1783]::RM_ListSet: 600 bytes
LLVM: wasm[0]::function[1784]::RM_ListInsert: 612 bytes
LLVM: wasm[0]::function[1785]::RM_ListDelete: 284 bytes
LLVM: wasm[0]::function[1786]::RM_ZsetAdd: 726 bytes
LLVM: wasm[0]::function[1787]::RM_ZsetIncrby: 736 bytes
LLVM: wasm[0]::function[1788]::RM_ZsetRem: 173 bytes
LLVM: wasm[0]::function[1789]::RM_ZsetScore: 98 bytes
LLVM: wasm[0]::function[1790]::RM_ZsetRangeStop: 119 bytes
LLVM: wasm[0]::function[1791]::RM_ZsetRangeEndReached: 74 bytes
LLVM: wasm[0]::function[1792]::zsetInitScoreRange: 383 bytes
LLVM: wasm[0]::function[1793]::RM_ZsetFirstInScoreRange: 52 bytes
LLVM: wasm[0]::function[1794]::RM_ZsetLastInScoreRange: 49 bytes
LLVM: wasm[0]::function[1795]::zsetInitLexRange: 390 bytes
LLVM: wasm[0]::function[1796]::RM_ZsetFirstInLexRange: 52 bytes
LLVM: wasm[0]::function[1797]::RM_ZsetLastInLexRange: 49 bytes
LLVM: wasm[0]::function[1798]::RM_ZsetRangeCurrentElement: 1368 bytes
LLVM: wasm[0]::function[1799]::RM_ZsetRangeNext: 739 bytes
LLVM: wasm[0]::function[1800]::RM_ZsetRangePrev: 434 bytes
LLVM: wasm[0]::function[1801]::RM_HashSet: 1206 bytes
LLVM: wasm[0]::function[1802]::RM_HashGet: 1155 bytes
LLVM: wasm[0]::function[1803]::RM_StreamAdd: 572 bytes
LLVM: wasm[0]::function[1804]::streamAppendItem: 4912 bytes
LLVM: wasm[0]::function[1805]::RM_StreamDelete: 476 bytes
LLVM: wasm[0]::function[1806]::streamIteratorStart: 620 bytes
LLVM: wasm[0]::function[1807]::streamIteratorRemoveEntry: 1929 bytes
LLVM: wasm[0]::function[1808]::RM_StreamIteratorStart: 504 bytes
LLVM: wasm[0]::function[1809]::RM_StreamIteratorStop: 359 bytes
LLVM: wasm[0]::function[1810]::RM_StreamIteratorNextID: 276 bytes
LLVM: wasm[0]::function[1811]::RM_StreamIteratorNextField: 736 bytes
LLVM: wasm[0]::function[1812]::RM_StreamIteratorDelete: 210 bytes
LLVM: wasm[0]::function[1813]::RM_StreamTrimByLength: 310 bytes
LLVM: wasm[0]::function[1814]::streamTrim: 8235 bytes
LLVM: wasm[0]::function[1815]::RM_StreamTrimByID: 317 bytes
LLVM: wasm[0]::function[1816]::RM_CallReplyType: 258 bytes
LLVM: wasm[0]::function[1817]::RM_CallReplyLength: 272 bytes
LLVM: wasm[0]::function[1818]::RM_CallReplyArrayElement: 287 bytes
LLVM: wasm[0]::function[1819]::RM_CallReplyInteger: 272 bytes
LLVM: wasm[0]::function[1820]::RM_CallReplyDouble: 280 bytes
LLVM: wasm[0]::function[1821]::RM_CallReplyBigNumber: 281 bytes
LLVM: wasm[0]::function[1822]::RM_CallReplyVerbatim: 310 bytes
LLVM: wasm[0]::function[1823]::RM_CallReplyBool: 265 bytes
LLVM: wasm[0]::function[1824]::RM_CallReplySetElement: 287 bytes
LLVM: wasm[0]::function[1825]::RM_CallReplyMapElement: 384 bytes
LLVM: wasm[0]::function[1826]::RM_CallReplyAttribute: 48 bytes
LLVM: wasm[0]::function[1827]::RM_CallReplyAttributeElement: 384 bytes
LLVM: wasm[0]::function[1828]::RM_CallReplyPromiseSetUnblockHandler: 58 bytes
LLVM: wasm[0]::function[1829]::RM_CallReplyPromiseAbort: 159 bytes
LLVM: wasm[0]::function[1830]::RM_CallReplyStringPtr: 286 bytes
LLVM: wasm[0]::function[1831]::RM_CreateStringFromCallReply: 1406 bytes
LLVM: wasm[0]::function[1832]::RM_SetContextUser: 48 bytes
LLVM: wasm[0]::function[1833]::RM_Call: 4047 bytes
LLVM: wasm[0]::function[1834]::callReplyCreateError: 916 bytes
LLVM: wasm[0]::function[1835]::moduleParseReply: 992 bytes
LLVM: wasm[0]::function[1836]::RM_CallReplyProto: 59 bytes
LLVM: wasm[0]::function[1837]::moduleTypeEncodeId: 620 bytes
LLVM: wasm[0]::function[1838]::RM_CreateDataType: 452 bytes
LLVM: wasm[0]::function[1839]::RM_ModuleTypeSetValue: 297 bytes
LLVM: wasm[0]::function[1840]::RM_ModuleTypeGetType: 80 bytes
LLVM: wasm[0]::function[1841]::RM_ModuleTypeGetValue: 81 bytes
LLVM: wasm[0]::function[1842]::RM_IsIOError: 48 bytes
LLVM: wasm[0]::function[1843]::RM_SaveUnsigned: 1192 bytes
LLVM: wasm[0]::function[1844]::RM_LoadUnsigned: 312 bytes
LLVM: wasm[0]::function[1845]::RM_SaveSigned: 46 bytes
LLVM: wasm[0]::function[1846]::RM_LoadSigned: 46 bytes
LLVM: wasm[0]::function[1847]::RM_SaveString: 1172 bytes
LLVM: wasm[0]::function[1848]::RM_SaveStringBuffer: 1208 bytes
LLVM: wasm[0]::function[1849]::RM_LoadString: 297 bytes
LLVM: wasm[0]::function[1850]::RM_LoadStringBuffer: 313 bytes
LLVM: wasm[0]::function[1851]::RM_SaveDouble: 1564 bytes
LLVM: wasm[0]::function[1852]::RM_LoadDouble: 709 bytes
LLVM: wasm[0]::function[1853]::RM_SaveFloat: 1564 bytes
LLVM: wasm[0]::function[1854]::RM_LoadFloat: 709 bytes
LLVM: wasm[0]::function[1855]::RM_SaveLongDouble: 435 bytes
LLVM: wasm[0]::function[1856]::RM_LoadLongDouble: 243 bytes
LLVM: wasm[0]::function[1857]::RM_DigestAddStringBuffer: 192 bytes
LLVM: wasm[0]::function[1858]::RM_DigestAddLongLong: 295 bytes
LLVM: wasm[0]::function[1859]::RM_DigestEndSequence: 99 bytes
LLVM: wasm[0]::function[1860]::RM_LoadDataTypeFromStringEncver: 456 bytes
LLVM: wasm[0]::function[1861]::RM_LoadDataTypeFromString: 449 bytes
LLVM: wasm[0]::function[1862]::RM_SaveDataTypeToString: 790 bytes
LLVM: wasm[0]::function[1863]::RM_GetKeyNameFromDigest: 48 bytes
LLVM: wasm[0]::function[1864]::RM_GetDbIdFromDigest: 48 bytes
LLVM: wasm[0]::function[1865]::RM_EmitAOF: 614 bytes
LLVM: wasm[0]::function[1866]::RM_GetContextFromIO: 581 bytes
LLVM: wasm[0]::function[1867]::RM_GetKeyNameFromIO: 48 bytes
LLVM: wasm[0]::function[1868]::RM_GetKeyNameFromModuleKey: 55 bytes
LLVM: wasm[0]::function[1869]::RM_GetDbIdFromModuleKey: 64 bytes
LLVM: wasm[0]::function[1870]::RM_GetDbIdFromIO: 48 bytes
LLVM: wasm[0]::function[1871]::moduleLogRaw: 365 bytes
LLVM: wasm[0]::function[1872]::RM_Log: 107 bytes
LLVM: wasm[0]::function[1873]::RM_LogIOError: 102 bytes
LLVM: wasm[0]::function[1874]::RM__Assert: 46 bytes
LLVM: wasm[0]::function[1875]::RM_LatencyAddSample: 62 bytes
LLVM: wasm[0]::function[1876]::moduleBlockClient: 1236 bytes
LLVM: wasm[0]::function[1877]::RM_RegisterAuthCallback: 204 bytes
LLVM: wasm[0]::function[1878]::RM_BlockClient: 74 bytes
LLVM: wasm[0]::function[1879]::RM_BlockClientOnAuth: 202 bytes
LLVM: wasm[0]::function[1880]::RM_BlockClientGetPrivateData: 48 bytes
LLVM: wasm[0]::function[1881]::RM_BlockClientSetPrivateData: 48 bytes
LLVM: wasm[0]::function[1882]::RM_BlockClientOnKeys: 90 bytes
LLVM: wasm[0]::function[1883]::RM_BlockClientOnKeysWithFlags: 99 bytes
LLVM: wasm[0]::function[1884]::RM_SignalKeyAsReady: 71 bytes
LLVM: wasm[0]::function[1885]::RM_UnblockClient: 296 bytes
LLVM: wasm[0]::function[1886]::RM_AbortBlock: 318 bytes
LLVM: wasm[0]::function[1887]::RM_SetDisconnectCallback: 48 bytes
LLVM: wasm[0]::function[1888]::RM_IsBlockedReplyRequest: 54 bytes
LLVM: wasm[0]::function[1889]::RM_IsBlockedTimeoutRequest: 54 bytes
LLVM: wasm[0]::function[1890]::RM_GetBlockedClientPrivateData: 48 bytes
LLVM: wasm[0]::function[1891]::RM_GetBlockedClientReadyKey: 48 bytes
LLVM: wasm[0]::function[1892]::RM_GetBlockedClientHandle: 48 bytes
LLVM: wasm[0]::function[1893]::RM_BlockedClientDisconnected: 54 bytes
LLVM: wasm[0]::function[1894]::RM_GetThreadSafeContext: 796 bytes
LLVM: wasm[0]::function[1895]::RM_GetDetachedThreadSafeContext: 409 bytes
LLVM: wasm[0]::function[1896]::RM_FreeThreadSafeContext: 101 bytes
LLVM: wasm[0]::function[1897]::RM_ThreadSafeContextLock: 271 bytes
LLVM: wasm[0]::function[1898]::RM_ThreadSafeContextTryLock: 273 bytes
LLVM: wasm[0]::function[1899]::RM_ThreadSafeContextUnlock: 97 bytes
LLVM: wasm[0]::function[1900]::RM_SubscribeToKeyspaceEvents: 223 bytes
LLVM: wasm[0]::function[1901]::RM_AddPostNotificationJob: 293 bytes
LLVM: wasm[0]::function[1902]::RM_GetNotifyKeyspaceEvents: 48 bytes
LLVM: wasm[0]::function[1903]::RM_NotifyKeyspaceEvent: 94 bytes
LLVM: wasm[0]::function[1904]::RM_RegisterClusterMessageReceiver: 325 bytes
LLVM: wasm[0]::function[1905]::RM_SendClusterMessage: 1189 bytes
LLVM: wasm[0]::function[1906]::RM_GetClusterNodesList: 566 bytes
LLVM: wasm[0]::function[1907]::RM_FreeClusterNodesList: 180 bytes
LLVM: wasm[0]::function[1908]::RM_GetMyClusterID: 69 bytes
LLVM: wasm[0]::function[1909]::RM_GetClusterSize: 79 bytes
LLVM: wasm[0]::function[1910]::RM_GetClusterNodeInfo: 635 bytes
LLVM: wasm[0]::function[1911]::RM_SetClusterFlags: 93 bytes
LLVM: wasm[0]::function[1912]::RM_ClusterKeySlot: 516 bytes
LLVM: wasm[0]::function[1913]::RM_ClusterCanonicalKeyNameInSlot: 56 bytes
LLVM: wasm[0]::function[1914]::moduleTimerHandler: 1525 bytes
LLVM: wasm[0]::function[1915]::RM_CreateTimer: 1048 bytes
LLVM: wasm[0]::function[1916]::RM_StopTimer: 280 bytes
LLVM: wasm[0]::function[1917]::RM_GetTimerInfo: 314 bytes
LLVM: wasm[0]::function[1918]::RM_EventLoopAdd: 601 bytes
LLVM: wasm[0]::function[1919]::eventLoopCbReadable: 171 bytes
LLVM: wasm[0]::function[1920]::eventLoopCbWritable: 172 bytes
LLVM: wasm[0]::function[1921]::RM_EventLoopDel: 299 bytes
LLVM: wasm[0]::function[1922]::RM_EventLoopAddOneShot: 336 bytes
LLVM: wasm[0]::function[1923]::RM_CreateModuleUser: 391 bytes
LLVM: wasm[0]::function[1924]::RM_FreeModuleUser: 129 bytes
LLVM: wasm[0]::function[1925]::ACLFreeUserAndKillClients: 896 bytes
LLVM: wasm[0]::function[1926]::RM_SetModuleUserACL: 61 bytes
LLVM: wasm[0]::function[1927]::RM_SetModuleUserACLString: 669 bytes
LLVM: wasm[0]::function[1928]::ACLStringSetUser: 4172 bytes
LLVM: wasm[0]::function[1929]::RM_GetModuleUserACLString: 85 bytes
LLVM: wasm[0]::function[1930]::RM_GetCurrentUserName: 616 bytes
LLVM: wasm[0]::function[1931]::RM_GetModuleUserFromUserName: 308 bytes
LLVM: wasm[0]::function[1932]::RM_ACLCheckCommandPermissions: 221 bytes
LLVM: wasm[0]::function[1933]::RM_ACLCheckKeyPermissions: 384 bytes
LLVM: wasm[0]::function[1934]::ACLSelectorCheckKey: 412 bytes
LLVM: wasm[0]::function[1935]::RM_ACLCheckChannelPermissions: 400 bytes
LLVM: wasm[0]::function[1936]::ACLCheckChannelAgainstList: 396 bytes
LLVM: wasm[0]::function[1937]::RM_ACLAddLogEntry: 280 bytes
LLVM: wasm[0]::function[1938]::RM_ACLAddLogEntryByUserName: 276 bytes
LLVM: wasm[0]::function[1939]::RM_AuthenticateClientWithUser: 402 bytes
LLVM: wasm[0]::function[1940]::RM_AuthenticateClientWithACLUser: 478 bytes
LLVM: wasm[0]::function[1941]::RM_DeauthenticateAndCloseClient: 336 bytes
LLVM: wasm[0]::function[1942]::RM_RedactClientCommandArgument: 96 bytes
LLVM: wasm[0]::function[1943]::RM_GetClientCertificate: 457 bytes
LLVM: wasm[0]::function[1944]::RM_CreateDict: 353 bytes
LLVM: wasm[0]::function[1945]::RM_DictSize: 54 bytes
LLVM: wasm[0]::function[1946]::RM_DictSetC: 73 bytes
LLVM: wasm[0]::function[1947]::RM_DictReplaceC: 73 bytes
LLVM: wasm[0]::function[1948]::RM_DictSet: 192 bytes
LLVM: wasm[0]::function[1949]::RM_DictReplace: 192 bytes
LLVM: wasm[0]::function[1950]::RM_DictGetC: 155 bytes
LLVM: wasm[0]::function[1951]::RM_DictGet: 276 bytes
LLVM: wasm[0]::function[1952]::RM_DictDelC: 58 bytes
LLVM: wasm[0]::function[1953]::RM_DictDel: 180 bytes
LLVM: wasm[0]::function[1954]::RM_DictIteratorStartC: 217 bytes
LLVM: wasm[0]::function[1955]::RM_DictIteratorStart: 340 bytes
LLVM: wasm[0]::function[1956]::RM_DictIteratorStop: 231 bytes
LLVM: wasm[0]::function[1957]::RM_DictIteratorReseekC: 49 bytes
LLVM: wasm[0]::function[1958]::RM_DictIteratorReseek: 176 bytes
LLVM: wasm[0]::function[1959]::RM_DictNextC: 180 bytes
LLVM: wasm[0]::function[1960]::RM_DictPrevC: 180 bytes
LLVM: wasm[0]::function[1961]::RM_DictNext: 525 bytes
LLVM: wasm[0]::function[1962]::RM_DictPrev: 525 bytes
LLVM: wasm[0]::function[1963]::RM_DictCompareC: 319 bytes
LLVM: wasm[0]::function[1964]::RM_DictCompare: 424 bytes
LLVM: wasm[0]::function[1965]::RM_InfoAddSection: 840 bytes
LLVM: wasm[0]::function[1966]::RM_InfoEndDictField: 248 bytes
LLVM: wasm[0]::function[1967]::RM_InfoBeginDictField: 1132 bytes
LLVM: wasm[0]::function[1968]::RM_InfoAddFieldString: 216 bytes
LLVM: wasm[0]::function[1969]::RM_InfoAddFieldCString: 199 bytes
LLVM: wasm[0]::function[1970]::RM_InfoAddFieldDouble: 203 bytes
LLVM: wasm[0]::function[1971]::RM_InfoAddFieldLongLong: 199 bytes
LLVM: wasm[0]::function[1972]::RM_InfoAddFieldULongLong: 199 bytes
LLVM: wasm[0]::function[1973]::RM_RegisterInfoFunc: 56 bytes
LLVM: wasm[0]::function[1974]::RM_GetServerInfo: 1656 bytes
LLVM: wasm[0]::function[1975]::RM_ServerInfoGetField: 700 bytes
LLVM: wasm[0]::function[1976]::RM_ServerInfoGetFieldC: 163 bytes
LLVM: wasm[0]::function[1977]::RM_ServerInfoGetFieldSigned: 540 bytes
LLVM: wasm[0]::function[1978]::RM_ServerInfoGetFieldUnsigned: 238 bytes
LLVM: wasm[0]::function[1979]::RM_ServerInfoGetFieldDouble: 488 bytes
LLVM: wasm[0]::function[1980]::RM_GetRandomBytes: 46 bytes
LLVM: wasm[0]::function[1981]::RM_GetRandomHexChars: 356 bytes
LLVM: wasm[0]::function[1982]::RM_ExportSharedAPI: 520 bytes
LLVM: wasm[0]::function[1983]::RM_GetSharedAPI: 666 bytes
LLVM: wasm[0]::function[1984]::RM_RegisterCommandFilter: 294 bytes
LLVM: wasm[0]::function[1985]::RM_UnregisterCommandFilter: 1147 bytes
LLVM: wasm[0]::function[1986]::RM_CommandFilterArgsCount: 48 bytes
LLVM: wasm[0]::function[1987]::RM_CommandFilterArgGet: 67 bytes
LLVM: wasm[0]::function[1988]::RM_CommandFilterArgInsert: 188 bytes
LLVM: wasm[0]::function[1989]::RM_CommandFilterArgReplace: 114 bytes
LLVM: wasm[0]::function[1990]::RM_CommandFilterArgDelete: 261 bytes
LLVM: wasm[0]::function[1991]::RM_CommandFilterGetClientId: 54 bytes
LLVM: wasm[0]::function[1992]::RM_MallocSize: 51 bytes
LLVM: wasm[0]::function[1993]::RM_MallocUsableSize: 48 bytes
LLVM: wasm[0]::function[1994]::RM_MallocSizeString: 145 bytes
LLVM: wasm[0]::function[1995]::RM_MallocSizeDict: 59 bytes
LLVM: wasm[0]::function[1996]::RM_GetUsedMemoryRatio: 106 bytes
LLVM: wasm[0]::function[1997]::RM_ScanCursorCreate: 83 bytes
LLVM: wasm[0]::function[1998]::RM_ScanCursorRestart: 60 bytes
LLVM: wasm[0]::function[1999]::RM_ScanCursorDestroy: 77 bytes
LLVM: wasm[0]::function[2000]::RM_Scan: 218 bytes
LLVM: wasm[0]::function[2001]::moduleScanCallback: 680 bytes
LLVM: wasm[0]::function[2002]::RM_ScanKey: 5360 bytes
LLVM: wasm[0]::function[2003]::moduleScanKeyCallback: 2192 bytes
LLVM: wasm[0]::function[2004]::RM_Fork: 164 bytes
LLVM: wasm[0]::function[2005]::RM_SendChildHeartbeat: 56 bytes
LLVM: wasm[0]::function[2006]::RM_ExitFromChild: 67 bytes
LLVM: wasm[0]::function[2007]::RM_KillForkChild: 344 bytes
LLVM: wasm[0]::function[2008]::RM_SubscribeToServerEvent: 423 bytes
LLVM: wasm[0]::function[2009]::RM_IsSubEventSupported: 208 bytes
LLVM: wasm[0]::function[2010]::dictCStringKeyHash: 72 bytes
LLVM: wasm[0]::function[2011]::dictCStringKeyCompare: 60 bytes
LLVM: wasm[0]::function[2012]::RM_ModuleTypeReplaceValue: 121 bytes
LLVM: wasm[0]::function[2013]::RM_GetKeyNameFromDefragCtx: 48 bytes
LLVM: wasm[0]::function[2014]::RM_GetDbIdFromDefragCtx: 48 bytes
LLVM: wasm[0]::function[2015]::RM_SetLRU: 148 bytes
LLVM: wasm[0]::function[2016]::RM_GetLRU: 127 bytes
LLVM: wasm[0]::function[2017]::RM_SetLFU: 172 bytes
LLVM: wasm[0]::function[2018]::RM_GetLFU: 205 bytes
LLVM: wasm[0]::function[2019]::RM_GetContextFlagsAll: 43 bytes
LLVM: wasm[0]::function[2020]::RM_GetModuleOptionsAll: 43 bytes
LLVM: wasm[0]::function[2021]::RM_GetKeyspaceNotificationFlagsAll: 43 bytes
LLVM: wasm[0]::function[2022]::RM_GetServerVersion: 43 bytes
LLVM: wasm[0]::function[2023]::RM_GetCommandKeys: 64 bytes
LLVM: wasm[0]::function[2024]::RM_GetCommandKeysWithFlags: 1195 bytes
LLVM: wasm[0]::function[2025]::RM_GetCurrentCommandName: 77 bytes
LLVM: wasm[0]::function[2026]::RM_GetTypeMethodVersion: 43 bytes
LLVM: wasm[0]::function[2027]::RM_RegisterDefragFunc: 56 bytes
LLVM: wasm[0]::function[2028]::RM_DefragAlloc: 40 bytes
LLVM: wasm[0]::function[2029]::RM_DefragRedisModuleString: 40 bytes
LLVM: wasm[0]::function[2030]::RM_DefragShouldStop: 160 bytes
LLVM: wasm[0]::function[2031]::RM_DefragCursorSet: 66 bytes
LLVM: wasm[0]::function[2032]::RM_DefragCursorGet: 71 bytes
LLVM: wasm[0]::function[2033]::RM_RegisterBoolConfig: 1515 bytes
LLVM: wasm[0]::function[2034]::RM_RegisterNumericConfig: 1525 bytes
LLVM: wasm[0]::function[2035]::RM_RegisterStringConfig: 1552 bytes
LLVM: wasm[0]::function[2036]::RM_RegisterEnumConfig: 1822 bytes
LLVM: wasm[0]::function[2037]::RM_LoadConfigs: 3468 bytes
LLVM: wasm[0]::function[2038]::RM_RdbStreamCreateFromFile: 196 bytes
LLVM: wasm[0]::function[2039]::RM_RdbStreamFree: 188 bytes
LLVM: wasm[0]::function[2040]::RM_RdbLoad: 668 bytes
LLVM: wasm[0]::function[2041]::RM_RdbSave: 284 bytes
LLVM: wasm[0]::function[2042]::moduleConfigValidityCheck: 704 bytes
LLVM: wasm[0]::function[2043]::moduleUnregisterCleanup: 4406 bytes
LLVM: wasm[0]::function[2044]::moduleFreeCommand: 1729 bytes
LLVM: wasm[0]::function[2045]::moduleFreeModuleStructure: 2053 bytes
LLVM: wasm[0]::function[2046]::moduleFreeArgs: 497 bytes
LLVM: wasm[0]::function[2047]::ACLRecomputeCommandBitsFromCommandRulesAllUsers: 1124 bytes
LLVM: wasm[0]::function[2048]::evictionPoolPopulate: 2448 bytes
LLVM: wasm[0]::function[2049]::pow: 1920 bytes
LLVM: wasm[0]::function[2050]::expireScanCallback: 840 bytes
LLVM: wasm[0]::function[2051]::expireGenericCommand: 1924 bytes
LLVM: wasm[0]::function[2052]::pexpireatCommand: 54 bytes
LLVM: wasm[0]::function[2053]::expireCommand: 60 bytes
LLVM: wasm[0]::function[2054]::expireatCommand: 51 bytes
LLVM: wasm[0]::function[2055]::pexpireCommand: 63 bytes
LLVM: wasm[0]::function[2056]::ttlCommand: 364 bytes
LLVM: wasm[0]::function[2057]::pttlCommand: 328 bytes
LLVM: wasm[0]::function[2058]::expiretimeCommand: 354 bytes
LLVM: wasm[0]::function[2059]::pexpiretimeCommand: 318 bytes
LLVM: wasm[0]::function[2060]::persistCommand: 372 bytes
LLVM: wasm[0]::function[2061]::geohashDecode: 528 bytes
LLVM: wasm[0]::function[2062]::geohashNeighbors: 668 bytes
LLVM: wasm[0]::function[2063]::raxGetData: 97 bytes
LLVM: wasm[0]::function[2064]::raxLowWalk: 818 bytes
LLVM: wasm[0]::function[2065]::raxIteratorAddChars: 362 bytes
LLVM: wasm[0]::function[2066]::raxSeekGreatest: 1045 bytes
LLVM: wasm[0]::function[2067]::streamFreeNACK: 77 bytes
LLVM: wasm[0]::function[2068]::streamFreeConsumer: 299 bytes
LLVM: wasm[0]::function[2069]::lpReplaceInteger: 320 bytes
LLVM: wasm[0]::function[2070]::streamLastValidID: 507 bytes
LLVM: wasm[0]::function[2071]::addReplyStreamID: 280 bytes
LLVM: wasm[0]::function[2072]::setDeferredReplyStreamID: 864 bytes
LLVM: wasm[0]::function[2073]::streamReplyWithCGLag: 385 bytes
LLVM: wasm[0]::function[2074]::streamPropagateXCLAIM: 1584 bytes
LLVM: wasm[0]::function[2075]::streamPropagateGroupID: 756 bytes
LLVM: wasm[0]::function[2076]::streamReplyWithRange: 4380 bytes
LLVM: wasm[0]::function[2077]::streamParseIntervalIDOrReply: 580 bytes
LLVM: wasm[0]::function[2078]::streamRewriteTrimArgument: 1100 bytes
LLVM: wasm[0]::function[2079]::xaddCommand: 1692 bytes
LLVM: wasm[0]::function[2080]::streamParseAddOrTrimArgsOrReply: 1605 bytes
LLVM: wasm[0]::function[2081]::xrangeGenericCommand: 1268 bytes
LLVM: wasm[0]::function[2082]::xrangeCommand: 48 bytes
LLVM: wasm[0]::function[2083]::xrevrangeCommand: 51 bytes
LLVM: wasm[0]::function[2084]::xlenCommand: 328 bytes
LLVM: wasm[0]::function[2085]::xreadCommand: 4996 bytes
LLVM: wasm[0]::function[2086]::streamLookupConsumer: 240 bytes
LLVM: wasm[0]::function[2087]::streamDelConsumer: 908 bytes
LLVM: wasm[0]::function[2088]::xgroupCommand: 4444 bytes
LLVM: wasm[0]::function[2089]::xsetidCommand: 1580 bytes
LLVM: wasm[0]::function[2090]::xackCommand: 1172 bytes
LLVM: wasm[0]::function[2091]::xpendingCommand: 3656 bytes
LLVM: wasm[0]::function[2092]::xclaimCommand: 4072 bytes
LLVM: wasm[0]::function[2093]::xautoclaimCommand: 4012 bytes
LLVM: wasm[0]::function[2094]::xdelCommand: 1880 bytes
LLVM: wasm[0]::function[2095]::xtrimCommand: 684 bytes
LLVM: wasm[0]::function[2096]::xinfoCommand: 8600 bytes
LLVM: wasm[0]::function[2097]::lpGetIntegerIfValid: 442 bytes
LLVM: wasm[0]::function[2098]::lpEncodeGetType: 615 bytes
LLVM: wasm[0]::function[2099]::putchar: 425 bytes
LLVM: wasm[0]::function[2100]::perror: 1593 bytes
LLVM: wasm[0]::function[2101]::lolwutCommand: 6332 bytes
LLVM: wasm[0]::function[2102]::lwDrawSquare: 1936 bytes
LLVM: wasm[0]::function[2103]::generateSkyscraper: 699 bytes
LLVM: wasm[0]::function[2104]::roundf: 232 bytes
LLVM: wasm[0]::function[2105]::round: 272 bytes
LLVM: wasm[0]::function[2106]::ACLHashPassword: 481 bytes
LLVM: wasm[0]::function[2107]::ACLListMatchSds: 288 bytes
LLVM: wasm[0]::function[2108]::ACLListFreeSds: 103 bytes
LLVM: wasm[0]::function[2109]::ACLListDupSds: 156 bytes
LLVM: wasm[0]::function[2110]::ACLListMatchKeyPattern: 300 bytes
LLVM: wasm[0]::function[2111]::ACLListFreeKeyPattern: 176 bytes
LLVM: wasm[0]::function[2112]::ACLListDupKeyPattern: 224 bytes
LLVM: wasm[0]::function[2113]::sdsCatPatternString: 1000 bytes
LLVM: wasm[0]::function[2114]::ACLFreeSelector: 1118 bytes
LLVM: wasm[0]::function[2115]::ACLResetFirstArgs: 369 bytes
LLVM: wasm[0]::function[2116]::ACLAddAllowedFirstArg: 489 bytes
LLVM: wasm[0]::function[2117]::ACLListFreeSelector: 46 bytes
LLVM: wasm[0]::function[2118]::ACLListDuplicateSelector: 860 bytes
LLVM: wasm[0]::function[2119]::ACLUserGetRootSelector: 120 bytes
LLVM: wasm[0]::function[2120]::ACLFreeUser: 864 bytes
LLVM: wasm[0]::function[2121]::ACLUpdateCommandRules: 1484 bytes
LLVM: wasm[0]::function[2122]::ACLChangeSelectorPerm: 932 bytes
LLVM: wasm[0]::function[2123]::ACLSetSelectorCommandBitsForCategory: 481 bytes
LLVM: wasm[0]::function[2124]::ACLSetSelector: 3732 bytes
LLVM: wasm[0]::function[2125]::ACLLookupCommand: 399 bytes
LLVM: wasm[0]::function[2126]::ACLSetSelectorCategory: 247 bytes
LLVM: wasm[0]::function[2127]::ACLDescribeSelectorCommandRules: 1612 bytes
LLVM: wasm[0]::function[2128]::aclCreateSelectorFromOpSet: 1136 bytes
LLVM: wasm[0]::function[2129]::getUpcomingChannelList: 1028 bytes
LLVM: wasm[0]::function[2130]::ACLShouldKillPubsubClient: 1760 bytes
LLVM: wasm[0]::function[2131]::ACLFreeLogEntry: 323 bytes
LLVM: wasm[0]::function[2132]::aclCatWithFlags: 612 bytes
LLVM: wasm[0]::function[2133]::aclAddReplySelectorDescription: 1063 bytes
LLVM: wasm[0]::function[2134]::aclCommand: 10768 bytes
LLVM: wasm[0]::function[2135]::authCommand: 864 bytes
LLVM: wasm[0]::function[2136]::enableBcastTrackingForPrefix: 757 bytes
LLVM: wasm[0]::function[2137]::log: 896 bytes
LLVM: wasm[0]::function[2138]::connSocketGetType: 43 bytes
LLVM: wasm[0]::function[2139]::connSocketEventHandler: 1416 bytes
LLVM: wasm[0]::function[2140]::getsockopt: 519 bytes
LLVM: wasm[0]::function[2141]::connSocketAcceptHandler: 2067 bytes
LLVM: wasm[0]::function[2142]::connSocketAddr: 102 bytes
LLVM: wasm[0]::function[2143]::connSocketIsLocal: 233 bytes
LLVM: wasm[0]::function[2144]::connSocketListen: 1107 bytes
LLVM: wasm[0]::function[2145]::connCreateSocket: 89 bytes
LLVM: wasm[0]::function[2146]::connCreateAcceptedSocket: 94 bytes
LLVM: wasm[0]::function[2147]::connSocketShutdown: 61 bytes
LLVM: wasm[0]::function[2148]::shutdown: 426 bytes
LLVM: wasm[0]::function[2149]::connSocketClose: 184 bytes
LLVM: wasm[0]::function[2150]::connSocketConnect: 305 bytes
LLVM: wasm[0]::function[2151]::connSocketBlockingConnect: 303 bytes
LLVM: wasm[0]::function[2152]::poll: 253 bytes
LLVM: wasm[0]::function[2153]::connSocketAccept: 358 bytes
LLVM: wasm[0]::function[2154]::connSocketWrite: 108 bytes
LLVM: wasm[0]::function[2155]::connSocketWritev: 232 bytes
LLVM: wasm[0]::function[2156]::connSocketRead: 121 bytes
LLVM: wasm[0]::function[2157]::connSocketSetWriteHandler: 528 bytes
LLVM: wasm[0]::function[2158]::connSocketSetReadHandler: 457 bytes
LLVM: wasm[0]::function[2159]::connSocketGetLastError: 56 bytes
LLVM: wasm[0]::function[2160]::connSocketSyncWrite: 471 bytes
LLVM: wasm[0]::function[2161]::connSocketSyncRead: 491 bytes
LLVM: wasm[0]::function[2162]::connSocketSyncReadLine: 650 bytes
LLVM: wasm[0]::function[2163]::ceill: 600 bytes
LLVM: wasm[0]::function[2164]::callReplyNullArray: 61 bytes
LLVM: wasm[0]::function[2165]::callReplyNullBulkString: 61 bytes
LLVM: wasm[0]::function[2166]::callReplyBulkString: 73 bytes
LLVM: wasm[0]::function[2167]::callReplyError: 73 bytes
LLVM: wasm[0]::function[2168]::callReplySimpleStr: 73 bytes
LLVM: wasm[0]::function[2169]::callReplyLong: 67 bytes
LLVM: wasm[0]::function[2170]::callReplyArray: 267 bytes
LLVM: wasm[0]::function[2171]::callReplySet: 280 bytes
LLVM: wasm[0]::function[2172]::callReplyMap: 391 bytes
LLVM: wasm[0]::function[2173]::callReplyBool: 81 bytes
LLVM: wasm[0]::function[2174]::callReplyDouble: 78 bytes
LLVM: wasm[0]::function[2175]::callReplyBigNumber: 84 bytes
LLVM: wasm[0]::function[2176]::callReplyVerbatimString: 91 bytes
LLVM: wasm[0]::function[2177]::callReplyAttribute: 474 bytes
LLVM: wasm[0]::function[2178]::callReplyNull: 72 bytes
LLVM: wasm[0]::function[2179]::callReplyParseError: 52 bytes
LLVM: wasm[0]::function[2180]::vfprintf: 702 bytes
LLVM: wasm[0]::function[2181]::callbackHash: 568 bytes
LLVM: wasm[0]::function[2182]::callbackValDup: 100 bytes
LLVM: wasm[0]::function[2183]::callbackKeyCompare: 284 bytes
LLVM: wasm[0]::function[2184]::callbackKeyDestructor: 81 bytes
LLVM: wasm[0]::function[2185]::callbackValDestructor: 48 bytes
LLVM: wasm[0]::function[2186]::redisContextConnectBindTcp: 2613 bytes
LLVM: wasm[0]::function[2187]::redisFree: 971 bytes
LLVM: wasm[0]::function[2188]::redisAsyncRead: 7336 bytes
LLVM: wasm[0]::function[2189]::redisReaderFeed: 1136 bytes
LLVM: wasm[0]::function[2190]::redisReaderGetReply: 11016 bytes
LLVM: wasm[0]::function[2191]::redisBufferWrite: 724 bytes
LLVM: wasm[0]::function[2192]::hi_sdsnewlen: 528 bytes
LLVM: wasm[0]::function[2193]::redisCheckConnectDone: 259 bytes
LLVM: wasm[0]::function[2194]::redisCheckSocketError: 660 bytes
LLVM: wasm[0]::function[2195]::redisSetTcpNoDelay: 466 bytes
LLVM: wasm[0]::function[2196]::__redisAsyncHandleConnectFailure: 721 bytes
LLVM: wasm[0]::function[2197]::redisAsyncWrite: 1243 bytes
LLVM: wasm[0]::function[2198]::hi_sdscat: 424 bytes
LLVM: wasm[0]::function[2199]::hi_sdsMakeRoomFor: 800 bytes
LLVM: wasm[0]::function[2200]::sprintf: 245 bytes
LLVM: wasm[0]::function[2201]::freeReplyObject: 248 bytes
LLVM: wasm[0]::function[2202]::createStringObject.6586: 595 bytes
LLVM: wasm[0]::function[2203]::createArrayObject: 295 bytes
LLVM: wasm[0]::function[2204]::createIntegerObject: 190 bytes
LLVM: wasm[0]::function[2205]::createDoubleObject: 391 bytes
LLVM: wasm[0]::function[2206]::createNilObject: 173 bytes
LLVM: wasm[0]::function[2207]::createBoolObject: 199 bytes
LLVM: wasm[0]::function[2208]::hi_sdsrange: 416 bytes
LLVM: wasm[0]::function[2209]::redisNetClose: 88 bytes
LLVM: wasm[0]::function[2210]::redisNetRead: 429 bytes
LLVM: wasm[0]::function[2211]::recv: 515 bytes
LLVM: wasm[0]::function[2212]::strerror_r: 389 bytes
LLVM: wasm[0]::function[2213]::redisNetWrite: 412 bytes
LLVM: wasm[0]::function[2214]::send: 515 bytes
LLVM: wasm[0]::function[2215]::strdup: 303 bytes
LLVM: wasm[0]::function[2216]::redisSetBlocking: 734 bytes
LLVM: wasm[0]::function[2217]::redisContextWaitReady: 951 bytes
LLVM: wasm[0]::function[2218]::__redisReaderSetErrorOOM: 323 bytes
LLVM: wasm[0]::function[2219]::__redisReaderSetError: 323 bytes
LLVM: wasm[0]::function[2220]::hi_sdsfree: 83 bytes
LLVM: wasm[0]::function[2221]::moveToNextTask: 266 bytes
LLVM: wasm[0]::function[2222]::stop_handler: 102 bytes
LLVM: wasm[0]::function[2223]::strsignal: 269 bytes
LLVM: wasm[0]::function[2224]::__lctrans_impl: 650 bytes
LLVM: wasm[0]::function[2225]::init: 124 bytes
LLVM: wasm[0]::function[2226]::dlmalloc: 6175 bytes
LLVM: wasm[0]::function[2227]::closedir: 406 bytes
LLVM: wasm[0]::function[2228]::dlfree: 1649 bytes
LLVM: wasm[0]::function[2229]::__wasilibc_populate_preopens: 1343 bytes
LLVM: wasm[0]::function[2230]::__wasilibc_init_stdio: 493 bytes
LLVM: wasm[0]::function[2231]::readdir_next: 2036 bytes
LLVM: wasm[0]::function[2232]::filesystem_method_descriptor_metadata_hash_at: 193 bytes
LLVM: wasm[0]::function[2233]::ppoll_impl: 2233 bytes
LLVM: wasm[0]::function[2234]::exit_exit_with_code: 57 bytes
LLVM: wasm[0]::function[2235]::exit_exit: 62 bytes
LLVM: wasm[0]::function[2236]::pselect: 1017 bytes
LLVM: wasm[0]::function[2237]::ppoll: 776 bytes
LLVM: wasm[0]::function[2238]::__wasilibc_read: 736 bytes
LLVM: wasm[0]::function[2239]::__wasilibc_write: 534 bytes
LLVM: wasm[0]::function[2240]::__main_void: 693 bytes
LLVM: wasm[0]::function[2241]::wasip2_list_string_free: 155 bytes
LLVM: wasm[0]::function[2242]::__wasilibc_find_relpath_alloc: 1406 bytes
LLVM: wasm[0]::function[2243]::__wasilibc_nocwd_fstatat: 1580 bytes
LLVM: wasm[0]::function[2244]::__stpcpy: 339 bytes
LLVM: wasm[0]::function[2245]::__wasilibc_nocwd_openat_nomode: 1265 bytes
LLVM: wasm[0]::function[2246]::wasi_string_from_c: 432 bytes
LLVM: wasm[0]::function[2247]::descriptor_table_insert: 614 bytes
LLVM: wasm[0]::function[2248]::__wasilibc_nocwd___wasilibc_unlinkat: 968 bytes
LLVM: wasm[0]::function[2249]::opendir: 1399 bytes
LLVM: wasm[0]::function[2250]::__wasilibc_pollable_block_on: 677 bytes
LLVM: wasm[0]::function[2251]::file_free: 243 bytes
LLVM: wasm[0]::function[2252]::file_get_read_stream: 256 bytes
LLVM: wasm[0]::function[2253]::file_get_write_stream: 306 bytes
LLVM: wasm[0]::function[2254]::file_set_blocking: 68 bytes
LLVM: wasm[0]::function[2255]::file_fstat: 720 bytes
LLVM: wasm[0]::function[2256]::file_get_file: 55 bytes
LLVM: wasm[0]::function[2257]::file_seek: 373 bytes
LLVM: wasm[0]::function[2258]::file_seek_end: 188 bytes
LLVM: wasm[0]::function[2259]::file_fcntl_getfl: 235 bytes
LLVM: wasm[0]::function[2260]::file_fcntl_setfl: 62 bytes
LLVM: wasm[0]::function[2261]::__wasilibc_map_socket_error: 256 bytes
LLVM: wasm[0]::function[2262]::__wasilibc_sockaddr_to_wasi: 435 bytes
LLVM: wasm[0]::function[2263]::__wasilibc_setsockopt_timeout: 299 bytes
LLVM: wasm[0]::function[2264]::__wasilibc_get_service_entry_by_name: 190 bytes
LLVM: wasm[0]::function[2265]::tcp_free: 234 bytes
LLVM: wasm[0]::function[2266]::tcp_get_read_stream: 115 bytes
LLVM: wasm[0]::function[2267]::tcp_get_write_stream: 115 bytes
LLVM: wasm[0]::function[2268]::tcp_set_blocking: 50 bytes
LLVM: wasm[0]::function[2269]::tcp_fstat: 97 bytes
LLVM: wasm[0]::function[2270]::tcp_fcntl_getfl: 57 bytes
LLVM: wasm[0]::function[2271]::tcp_fcntl_setfl: 54 bytes
LLVM: wasm[0]::function[2272]::tcp_accept4: 1576 bytes
LLVM: wasm[0]::function[2273]::tcp_bind: 136 bytes
LLVM: wasm[0]::function[2274]::tcp_do_bind: 1180 bytes
LLVM: wasm[0]::function[2275]::tcp_connect: 1280 bytes
LLVM: wasm[0]::function[2276]::tcp_getsockname: 900 bytes
LLVM: wasm[0]::function[2277]::tcp_getpeername: 912 bytes
LLVM: wasm[0]::function[2278]::tcp_listen: 1036 bytes
LLVM: wasm[0]::function[2279]::tcp_recvfrom: 225 bytes
LLVM: wasm[0]::function[2280]::tcp_sendto: 202 bytes
LLVM: wasm[0]::function[2281]::tcp_shutdown: 412 bytes
LLVM: wasm[0]::function[2282]::tcp_getsockopt: 2100 bytes
LLVM: wasm[0]::function[2283]::tcp_method_tcp_socket_keep_alive_enabled: 173 bytes
LLVM: wasm[0]::function[2284]::tcp_method_tcp_socket_receive_buffer_size: 171 bytes
LLVM: wasm[0]::function[2285]::tcp_method_tcp_socket_send_buffer_size: 171 bytes
LLVM: wasm[0]::function[2286]::tcp_setsockopt: 800 bytes
LLVM: wasm[0]::function[2287]::tcp_poll_register: 660 bytes
LLVM: wasm[0]::function[2288]::tcp_poll_finish: 427 bytes
LLVM: wasm[0]::function[2289]::udp_free: 277 bytes
LLVM: wasm[0]::function[2290]::udp_set_blocking: 50 bytes
LLVM: wasm[0]::function[2291]::udp_fstat: 97 bytes
LLVM: wasm[0]::function[2292]::udp_fcntl_getfl: 57 bytes
LLVM: wasm[0]::function[2293]::udp_fcntl_setfl: 54 bytes
LLVM: wasm[0]::function[2294]::udp_bind: 136 bytes
LLVM: wasm[0]::function[2295]::udp_do_bind: 1200 bytes
LLVM: wasm[0]::function[2296]::udp_connect: 1152 bytes
LLVM: wasm[0]::function[2297]::udp_getsockname: 900 bytes
LLVM: wasm[0]::function[2298]::udp_getpeername: 896 bytes
LLVM: wasm[0]::function[2299]::udp_recvfrom: 1612 bytes
LLVM: wasm[0]::function[2300]::udp_sendto: 1070 bytes
LLVM: wasm[0]::function[2301]::udp_getsockopt: 1624 bytes
LLVM: wasm[0]::function[2302]::udp_setsockopt: 923 bytes
LLVM: wasm[0]::function[2303]::udp_poll_register: 968 bytes
LLVM: wasm[0]::function[2304]::__intscan: 1859 bytes
LLVM: wasm[0]::function[2305]::ipv6_address: 163 bytes
LLVM: wasm[0]::function[2306]::add_addr: 651 bytes
LLVM: wasm[0]::function[2307]::ip_name_lookup_resolve_addresses: 170 bytes
LLVM: wasm[0]::function[2308]::map_error: 316 bytes
LLVM: wasm[0]::function[2309]::__component_type_object_force_link_wasip2_public_use_in_this_compilation_unit: 46 bytes
LLVM: wasm[0]::function[2310]::cabi_realloc: 65 bytes
LLVM: wasm[0]::function[2311]::wasip2_list_tuple2_string_string_free: 195 bytes
LLVM: wasm[0]::function[2312]::stdio_free: 183 bytes
LLVM: wasm[0]::function[2313]::stdio_get_read_stream: 168 bytes
LLVM: wasm[0]::function[2314]::stdio_get_write_stream: 191 bytes
LLVM: wasm[0]::function[2315]::stdio_fstat: 79 bytes
LLVM: wasm[0]::function[2316]::stdio_fcntl_getfl: 63 bytes
LLVM: wasm[0]::function[2317]::stdio_isatty: 267 bytes
LLVM: wasm[0]::function[2318]::__wasilibc_ensure_environ: 860 bytes
LLVM: wasm[0]::function[2319]::__strchrnul: 458 bytes
LLVM: wasm[0]::function[2320]::__wasm_call_dtors: 46 bytes
LLVM: wasm[0]::function[2321]::__stdio_exit: 1183 bytes
LLVM: wasm[0]::function[2322]::__nl_langinfo_l: 468 bytes
LLVM: wasm[0]::function[2323]::week_num: 511 bytes
LLVM: wasm[0]::function[2324]::__strftime_l: 3704 bytes
LLVM: wasm[0]::function[2325]::do_glob: 2632 bytes
LLVM: wasm[0]::function[2326]::sort: 122 bytes
LLVM: wasm[0]::function[2327]::fnmatch: 1804 bytes
LLVM: wasm[0]::function[2328]::pat_next: 657 bytes
LLVM: wasm[0]::function[2329]::mbtowc: 335 bytes
LLVM: wasm[0]::function[2330]::match_bracket: 1187 bytes
LLVM: wasm[0]::function[2331]::str_next: 205 bytes
LLVM: wasm[0]::function[2332]::wctype: 888 bytes
LLVM: wasm[0]::function[2333]::iswctype: 656 bytes
LLVM: wasm[0]::function[2334]::casemap: 327 bytes
LLVM: wasm[0]::function[2335]::__lockfile: 374 bytes
LLVM: wasm[0]::function[2336]::__fdopen: 907 bytes
LLVM: wasm[0]::function[2337]::__stdio_seek: 56 bytes
LLVM: wasm[0]::function[2338]::__stdio_write: 515 bytes
LLVM: wasm[0]::function[2339]::__stdio_read: 212 bytes
LLVM: wasm[0]::function[2340]::__stdio_close: 336 bytes
LLVM: wasm[0]::function[2341]::__fseeko: 475 bytes
LLVM: wasm[0]::function[2342]::ftello: 300 bytes
LLVM: wasm[0]::function[2343]::__fwritex: 576 bytes
LLVM: wasm[0]::function[2344]::sn_write: 318 bytes
LLVM: wasm[0]::function[2345]::string_read: 218 bytes
LLVM: wasm[0]::function[2346]::vfscanf: 4652 bytes
LLVM: wasm[0]::function[2347]::__stdout_write: 142 bytes
LLVM: wasm[0]::function[2348]::sift: 1085 bytes
LLVM: wasm[0]::function[2349]::trinkle: 1928 bytes
LLVM: wasm[0]::function[2350]::__shgetc: 647 bytes
LLVM: wasm[0]::function[2351]::fourbyte_strstr: 140 bytes
LLVM: wasm[0]::function[2352]::twoway_strstr: 1165 bytes
LLVM: wasm[0]::function[2353]::printf_core: 13100 bytes
LLVM: wasm[0]::function[2354]::pop_arg: 400 bytes
LLVM: wasm[0]::function[2355]::pad: 349 bytes
LLVM: wasm[0]::function[2356]::wctomb: 339 bytes
LLVM: wasm[0]::function[2357]::frexp: 192 bytes
LLVM: wasm[0]::function[2358]::scalbn: 208 bytes
LLVM: wasm[0]::function[2359]::long_double_not_supported: 56 bytes
LLVM: wasm[0]::function[2360]::__floatscan: 6708 bytes
LLVM: wasm[0]::function[2361]::long_double_not_supported.7540: 56 bytes
LLVM: wasm[0]::function[2362]::scanexp: 622 bytes
LLVM: wasm[0]::function[2363]::fmod: 387 bytes
LLVM: wasm[0]::function[2364]::long_double_not_supported.7552: 56 bytes
LLVM: wasm[0]::function[2365]::sbrk: 121 bytes
LLVM: wasm[0]::function[2366]::prepend_alloc: 1112 bytes
LLVM: wasm[0]::function[2367]::dispose_chunk: 1611 bytes
LLVM: wasm[0]::function[2368]::__wasilibc_init_ssp: 166 bytes
LLVM: wasm[0]::function[2369]::__rem_pio2: 1600 bytes
LLVM: wasm[0]::function[2370]::__rem_pio2_large: 6160 bytes
LLVM: wasm[0]::function[2371]::roundl: 680 bytes
LLVM: wasm[0]::function[2372]::checkint: 117 bytes
LLVM: wasm[0]::function[2373]::specialcase.7658: 328 bytes
LLVM: wasm[1]::function[0]: 136 bytes
LLVM: wasm[1]::function[1]: 146 bytes
LLVM: wasm[1]::function[2]: 138 bytes
LLVM: wasm[1]::function[3]: 158 bytes
LLVM: wasm[1]::function[4]: 138 bytes
LLVM: wasm[1]::function[5]: 146 bytes
LLVM: wasm[1]::function[6]: 146 bytes
LLVM: wasm[1]::function[7]: 138 bytes
LLVM: wasm[1]::function[8]: 138 bytes
LLVM: wasm[1]::function[9]: 146 bytes
LLVM: wasm[1]::function[10]: 138 bytes
LLVM: wasm[1]::function[11]: 138 bytes
LLVM: wasm[1]::function[12]: 158 bytes
LLVM: wasm[1]::function[13]: 138 bytes
LLVM: wasm[1]::function[14]: 164 bytes
LLVM: wasm[1]::function[15]: 183 bytes
LLVM: wasm[1]::function[16]: 183 bytes
LLVM: wasm[1]::function[17]: 160 bytes
LLVM: wasm[1]::function[18]: 140 bytes
LLVM: wasm[1]::function[19]: 166 bytes
LLVM: wasm[1]::function[20]: 140 bytes
LLVM: wasm[1]::function[21]: 221 bytes
LLVM: wasm[1]::function[22]: 140 bytes
LLVM: wasm[1]::function[23]: 221 bytes
LLVM: wasm[1]::function[24]: 140 bytes
LLVM: wasm[1]::function[25]: 140 bytes
LLVM: wasm[1]::function[26]: 140 bytes
LLVM: wasm[1]::function[27]: 145 bytes
LLVM: wasm[1]::function[28]: 140 bytes
LLVM: wasm[1]::function[29]: 148 bytes
LLVM: wasm[1]::function[30]: 140 bytes
LLVM: wasm[1]::function[31]: 148 bytes
LLVM: wasm[1]::function[32]: 148 bytes
LLVM: wasm[1]::function[33]: 140 bytes
LLVM: wasm[1]::function[34]: 160 bytes
LLVM: wasm[1]::function[35]: 221 bytes
LLVM: wasm[1]::function[36]: 140 bytes
LLVM: wasm[1]::function[37]: 221 bytes
LLVM: wasm[1]::function[38]: 140 bytes
LLVM: wasm[1]::function[39]: 140 bytes
LLVM: wasm[1]::function[40]: 140 bytes
LLVM: wasm[1]::function[41]: 140 bytes
LLVM: wasm[1]::function[42]: 140 bytes
LLVM: wasm[1]::function[43]: 140 bytes
LLVM: wasm[1]::function[44]: 148 bytes
LLVM: wasm[1]::function[45]: 140 bytes
LLVM: wasm[1]::function[46]: 145 bytes
LLVM: wasm[1]::function[47]: 140 bytes
LLVM: wasm[1]::function[48]: 148 bytes
LLVM: wasm[1]::function[49]: 140 bytes
LLVM: wasm[1]::function[50]: 148 bytes
LLVM: wasm[1]::function[51]: 140 bytes
LLVM: wasm[1]::function[52]: 145 bytes
LLVM: wasm[1]::function[53]: 140 bytes
LLVM: wasm[1]::function[54]: 145 bytes
LLVM: wasm[1]::function[55]: 140 bytes
LLVM: wasm[1]::function[56]: 148 bytes
LLVM: wasm[1]::function[57]: 140 bytes
LLVM: wasm[1]::function[58]: 148 bytes
LLVM: wasm[1]::function[59]: 145 bytes
LLVM: wasm[1]::function[60]: 140 bytes
LLVM: wasm[1]::function[61]: 160 bytes
LLVM: wasm[1]::function[62]: 123 bytes
LLVM: wasm[1]::function[63]: 123 bytes
LLVM: wasm[1]::function[64]: 123 bytes
LLVM: wasm[1]::function[65]: 123 bytes
LLVM: wasm[1]::function[66]: 123 bytes
LLVM: wasm[1]::function[67]: 123 bytes
LLVM: wasm[1]::function[68]: 123 bytes
LLVM: wasm[1]::function[69]: 140 bytes
LLVM: wasm[1]::function[70]: 140 bytes
LLVM: wasm[1]::function[71]: 140 bytes
